,Eruption Number,dt,year
0,15105,1951-01-17,1951
1,18626,1951-01-29,1951
2,15758,1951-02-11,1951
3,18087,1951-02-16,1951
4,15729,1951-03-01,1951
5,14629,1951-03-19,1951
6,20080,1951-04-16,1951
7,17323,1951-05-04,1951
8,14589,1951-05-16,1951
9,10374,1951-05-22,1951
10,19632,1951-05-27,1951
11,13136,1951-06-12,1951
12,14523,1951-06-16,1951
13,15759,1951-06-26,1951
14,11725,1951-07-02,1951
15,16591,1951-07-02,1951
16,16445,1951-07-02,1951
17,16320,1951-07-02,1951
18,18757,1951-07-15,1951
19,18431,1951-07-15,1951
20,10923,1951-07-15,1951
21,11059,1951-07-16,1951
22,20209,1951-07-22,1951
23,10342,1951-07-23,1951
24,14058,1951-07-25,1951
25,18627,1951-07-28,1951
26,18492,1951-08-16,1951
27,14782,1951-08-21,1951
28,15955,1951-08-31,1951
29,14349,1951-09-10,1951
30,13787,1951-09-21,1951
31,20133,1951-10-16,1951
32,20019,1951-10-16,1951
33,15198,1951-10-23,1951
34,16344,1951-11-12,1951
35,11857,1951-11-16,1951
36,14059,1951-11-16,1951
37,19443,1951-11-19,1951
38,15151,1951-12-01,1951
39,16336,1951-12-15,1951
40,19986,1951-12-20,1951
41,18772,1952-01-15,1952
42,15512,1952-01-16,1952
43,19684,1952-01-17,1952
44,14199,1952-02-10,1952
45,16519,1952-02-16,1952
46,15128,1952-02-29,1952
47,16876,1952-03-16,1952
48,11165,1952-03-23,1952
49,16345,1952-03-24,1952
50,15546,1952-04-01,1952
51,15152,1952-04-16,1952
52,16172,1952-04-22,1952
53,14350,1952-05-19,1952
54,17798,1952-06-07,1952
55,10088,1952-06-27,1952
56,16468,1952-07-02,1952
57,15676,1952-07-04,1952
58,16592,1952-07-16,1952
59,14630,1952-07-16,1952
60,17864,1952-07-16,1952
61,10379,1952-08-01,1952
62,15263,1952-08-10,1952
63,15961,1952-08-15,1952
64,18651,1952-08-17,1952
65,18316,1952-09-16,1952
66,15339,1952-10-03,1952
67,15602,1952-10-10,1952
68,10972,1952-10-23,1952
69,18493,1952-10-26,1952
70,18844,1952-11-05,1952
71,17623,1952-11-12,1952
72,19177,1952-11-16,1952
73,14592,1952-11-29,1952
74,17640,1952-12-05,1952
75,16136,1953-01-31,1953
76,15340,1953-02-12,1953
77,15325,1953-02-12,1953
78,20226,1953-02-15,1953
79,20210,1953-02-17,1953
80,15908,1953-03-02,1953
81,14351,1953-03-13,1953
82,15603,1953-03-17,1953
83,16242,1953-03-19,1953
84,15782,1953-03-24,1953
85,10717,1953-04-09,1953
86,14917,1953-04-16,1953
87,17325,1953-04-27,1953
88,14959,1953-05-08,1953
89,15264,1953-05-16,1953
90,19444,1953-06-07,1953
91,16359,1953-06-16,1953
92,15129,1953-06-16,1953
93,14858,1953-06-27,1953
94,11694,1953-07-02,1953
95,16520,1953-07-02,1953
96,19178,1953-07-02,1953
97,18398,1953-07-02,1953
98,20020,1953-07-02,1953
99,20397,1953-07-09,1953
100,15760,1953-08-16,1953
101,14403,1953-08-20,1953
102,11708,1953-08-27,1953
103,15524,1953-09-04,1953
104,18628,1953-09-14,1953
105,15604,1953-09-21,1953
106,20081,1953-10-04,1953
107,18225,1953-10-05,1953
108,16221,1953-10-15,1953
109,17883,1953-10-24,1953
110,12459,1953-10-30,1953
111,13595,1953-11-16,1953
112,20134,1953-11-25,1953
113,17326,1953-12-16,1953
114,17799,1953-12-27,1953
115,14593,1953-12-28,1953
116,18689,1954-01-07,1954
117,12835,1954-01-15,1954
118,14352,1954-01-16,1954
119,10955,1954-02-16,1954
120,14060,1954-02-21,1954
121,19306,1954-02-21,1954
122,14404,1954-04-13,1954
123,16243,1954-04-26,1954
124,18629,1954-05-02,1954
125,14594,1954-05-13,1954
126,14918,1954-05-16,1954
127,14985,1954-05-18,1954
128,17327,1954-05-26,1954
129,19445,1954-05-28,1954
130,10089,1954-05-31,1954
131,11858,1954-06-16,1954
132,14130,1954-06-28,1954
133,16935,1954-07-02,1954
134,15265,1954-07-02,1954
135,14016,1954-07-26,1954
136,14886,1954-08-03,1954
137,18813,1954-08-16,1954
138,15460,1954-08-16,1954
139,18652,1954-09-16,1954
140,15359,1954-10-16,1954
141,10856,1954-10-21,1954
142,10973,1954-10-29,1954
143,18317,1954-11-04,1954
144,16244,1954-11-04,1954
145,11709,1954-11-09,1954
146,18630,1954-11-19,1954
147,15783,1954-12-06,1954
148,19307,1955-01-07,1955
149,14475,1955-01-16,1955
150,16137,1955-01-18,1955
151,14017,1955-01-19,1955
152,15605,1955-02-11,1955
153,14986,1955-02-15,1955
154,10090,1955-02-28,1955
155,13789,1955-04-05,1955
156,14987,1955-06-01,1955
157,14960,1955-06-05,1955
158,18318,1955-06-25,1955
159,13105,1955-07-02,1955
160,11440,1955-07-02,1955
161,18827,1955-07-02,1955
162,19179,1955-07-02,1955
163,16245,1955-07-02,1955
164,15266,1955-07-02,1955
165,14353,1955-07-06,1955
166,20082,1955-07-16,1955
167,17328,1955-07-25,1955
168,10718,1955-07-26,1955
169,12188,1955-07-27,1955
170,19308,1955-10-06,1955
171,17088,1955-10-13,1955
172,12061,1955-10-22,1955
173,19336,1955-10-22,1955
174,15761,1955-11-12,1955
175,18690,1955-11-19,1955
176,13529,1955-12-29,1955
177,18226,1956-01-03,1956
178,17329,1956-01-03,1956
179,13210,1956-01-11,1956
180,14595,1956-01-11,1956
181,19446,1956-01-16,1956
182,16138,1956-02-13,1956
183,20166,1956-03-16,1956
184,19180,1956-03-16,1956
185,18691,1956-03-18,1956
186,15547,1956-03-22,1956
187,14988,1956-03-25,1956
188,15664,1956-04-28,1956
189,10343,1956-05-16,1956
190,14200,1956-06-01,1956
191,15784,1956-06-02,1956
192,15839,1956-06-16,1956
193,18653,1956-06-16,1956
194,15130,1956-07-02,1956
195,11337,1956-07-02,1956
196,15360,1956-07-02,1956
197,13839,1956-08-16,1956
198,20227,1956-09-08,1956
199,19309,1956-09-28,1956
200,12159,1956-10-03,1956
201,12367,1956-10-19,1956
202,16936,1956-11-16,1956
203,14061,1956-11-17,1956
204,14631,1956-11-18,1956
205,14919,1956-12-08,1956
206,16246,1956-12-16,1956
207,19044,1956-12-16,1956
208,13840,1956-12-21,1956
209,19136,1956-12-27,1956
210,15677,1957-01-16,1957
211,13790,1957-02-05,1957
212,15153,1957-02-08,1957
213,13397,1957-02-08,1957
214,10719,1957-02-19,1957
215,18692,1957-02-26,1957
216,15665,1957-03-13,1957
217,11060,1957-03-27,1957
218,18408,1957-03-28,1957
219,13841,1957-04-12,1957
220,18319,1957-05-02,1957
221,10465,1957-05-14,1957
222,18848,1957-05-16,1957
223,14783,1957-06-16,1957
224,18088,1957-07-02,1957
225,19447,1957-07-02,1957
226,11710,1957-07-02,1957
227,16247,1957-07-02,1957
228,20228,1957-07-02,1957
229,11338,1957-07-02,1957
230,19337,1957-07-31,1957
231,14110,1957-08-01,1957
232,18228,1957-08-16,1957
233,13791,1957-08-25,1957
234,15267,1957-08-26,1957
235,14354,1957-09-02,1957
236,10956,1957-09-04,1957
237,12986,1957-09-27,1957
238,13842,1957-10-16,1957
239,18802,1957-10-16,1957
240,14887,1957-10-26,1957
241,13917,1957-11-12,1957
242,14476,1957-12-11,1957
243,14064,1957-12-28,1957
244,20739,1958-01-16,1958
245,19338,1958-01-16,1958
246,15047,1958-02-01,1958
247,14018,1958-02-06,1958
248,16446,1958-02-19,1958
249,18693,1958-02-23,1958
250,14888,1958-03-11,1958
251,18229,1958-04-17,1958
252,13398,1958-04-17,1958
253,14989,1958-04-21,1958
254,20135,1958-05-17,1958
255,19448,1958-05-18,1958
256,19339,1958-05-21,1958
257,18849,1958-05-26,1958
258,14355,1958-05-30,1958
259,15461,1958-06-23,1958
260,11166,1958-07-02,1958
261,18320,1958-07-02,1958
262,18764,1958-07-02,1958
263,16248,1958-07-02,1958
264,14671,1958-07-09,1958
265,16469,1958-07-12,1958
266,19310,1958-07-13,1958
267,14065,1958-08-07,1958
268,19846,1958-08-14,1958
269,14889,1958-09-05,1958
270,13399,1958-09-13,1958
271,11663,1958-09-16,1958
272,15327,1958-09-16,1958
273,15606,1958-10-02,1958
274,17801,1958-10-03,1958
275,18655,1958-10-04,1958
276,15341,1958-10-07,1958
277,15462,1958-10-17,1958
278,14596,1958-11-05,1958
279,12160,1958-11-06,1958
280,11441,1958-11-16,1958
281,13792,1958-11-16,1958
282,15268,1958-11-18,1958
283,15154,1958-11-21,1958
284,14477,1958-12-16,1958
285,19340,1958-12-28,1958
286,17841,1958-12-31,1958
287,14750,1958-12-31,1958
288,19449,1959-01-03,1959
289,18230,1959-01-16,1959
290,14131,1959-01-23,1959
291,17159,1959-02-13,1959
292,14356,1959-03-11,1959
293,13793,1959-03-23,1959
294,10349,1959-03-26,1959
295,14890,1959-04-02,1959
296,15269,1959-04-16,1959
297,18694,1959-05-15,1959
298,14632,1959-05-21,1959
299,14597,1959-06-01,1959
300,16918,1959-06-08,1959
301,14920,1959-06-16,1959
302,11726,1959-06-29,1959
303,11921,1959-07-02,1959
304,12902,1959-07-02,1959
305,15131,1959-07-02,1959
306,19137,1959-07-02,1959
307,19311,1959-07-02,1959
308,18321,1959-07-02,1959
309,11820,1959-07-15,1959
310,18442,1959-07-15,1959
311,13843,1959-07-16,1959
312,18656,1959-08-15,1959
313,15342,1959-09-18,1959
314,19341,1959-10-15,1959
315,10350,1959-10-16,1959
316,18231,1959-10-16,1959
317,13795,1959-10-17,1959
318,11941,1959-11-06,1959
319,20661,1959-11-14,1959
320,11859,1959-11-16,1959
321,14478,1959-12-14,1959
322,15607,1959-12-16,1959
323,14921,1959-12-16,1959
324,12318,1959-12-28,1959
325,14357,1960-01-11,1960
326,10091,1960-01-13,1960
327,13934,1960-01-16,1960
328,13844,1960-01-16,1960
329,16360,1960-03-13,1960
330,14019,1960-03-16,1960
331,13999,1960-04-13,1960
332,19181,1960-04-16,1960
333,14891,1960-04-28,1960
334,12215,1960-05-24,1960
335,11442,1960-06-16,1960
336,12006,1960-07-02,1960
337,11922,1960-07-02,1960
338,20136,1960-07-02,1960
339,16937,1960-07-02,1960
340,15304,1960-07-10,1960
341,11942,1960-07-10,1960
342,10351,1960-07-15,1960
343,15328,1960-07-16,1960
344,15513,1960-07-16,1960
345,18322,1960-07-21,1960
346,15048,1960-07-29,1960
347,18814,1960-08-30,1960
348,13845,1960-09-16,1960
349,18695,1960-09-16,1960
350,15270,1960-09-17,1960
351,18795,1960-09-27,1960
352,10957,1960-09-28,1960
353,17884,1960-10-10,1960
354,19847,1960-10-15,1960
355,18784,1960-10-20,1960
356,11821,1960-12-02,1960
357,11840,1960-12-02,1960
358,19450,1960-12-16,1960
359,18971,1960-12-16,1960
360,13400,1960-12-16,1960
361,14990,1960-12-19,1960
362,19023,1961-01-16,1961
363,12262,1961-02-01,1961
364,10092,1961-02-24,1961
365,16521,1961-02-28,1961
366,10093,1961-03-03,1961
367,10760,1961-03-11,1961
368,11664,1961-03-21,1961
369,19312,1961-03-24,1961
370,19143,1961-03-25,1961
371,15155,1961-03-28,1961
372,14358,1961-04-05,1961
373,15913,1961-04-11,1961
374,18850,1961-05-02,1961
375,11536,1961-05-05,1961
376,16447,1961-05-19,1961
377,19342,1961-05-21,1961
378,20229,1961-06-30,1961
379,10466,1961-07-02,1961
380,12162,1961-07-02,1961
381,12007,1961-07-02,1961
382,10094,1961-07-10,1961
383,14922,1961-07-16,1961
384,15678,1961-07-16,1961
385,15132,1961-07-26,1961
386,18657,1961-08-14,1961
387,15271,1961-08-15,1961
388,17802,1961-08-18,1961
389,10095,1961-09-22,1961
390,16522,1961-10-09,1961
391,13147,1961-10-10,1961
392,12319,1961-10-16,1961
393,19343,1961-10-18,1961
394,10958,1961-10-25,1961
395,12919,1961-10-26,1961
396,15156,1962-01-16,1962
397,18233,1962-01-16,1962
398,11943,1962-01-16,1962
399,10924,1962-01-16,1962
400,19663,1962-01-24,1962
401,16523,1962-01-29,1962
402,15133,1962-02-15,1962
403,13232,1962-03-05,1962
404,17543,1962-03-14,1962
405,14991,1962-03-16,1962
406,10959,1962-03-21,1962
407,16448,1962-04-16,1962
408,14923,1962-04-16,1962
409,18696,1962-04-28,1962
410,14598,1962-05-24,1962
411,20230,1962-06-09,1962
412,11062,1962-06-16,1962
413,17523,1962-06-17,1962
414,18658,1962-06-29,1962
415,15305,1962-07-16,1962
416,15217,1962-07-16,1962
417,10720,1962-08-04,1962
418,19313,1962-08-16,1962
419,18271,1962-08-24,1962
420,19344,1962-10-21,1962
421,20021,1962-11-05,1962
422,10096,1962-12-07,1962
423,14479,1962-12-15,1962
424,16666,1962-12-31,1962
425,14672,1963-01-16,1963
426,19787,1963-02-13,1963
427,17544,1963-02-14,1963
428,14924,1963-02-15,1963
429,16210,1963-02-18,1963
430,12163,1963-02-25,1963
431,11688,1963-03-04,1963
432,18869,1963-03-08,1963
433,11228,1963-03-13,1963
434,10960,1963-03-16,1963
435,15049,1963-03-17,1963
436,20231,1963-04-01,1963
437,11711,1963-04-13,1963
438,17330,1963-04-21,1963
439,11063,1963-05-09,1963
440,19345,1963-05-16,1963
441,11167,1963-05-23,1963
442,10467,1963-07-02,1963
443,15489,1963-07-02,1963
444,15306,1963-07-07,1963
445,17545,1963-07-10,1963
446,15514,1963-07-16,1963
447,10097,1963-08-21,1963
448,15272,1963-08-30,1963
449,16194,1963-09-05,1963
450,15218,1963-09-15,1963
451,10721,1963-09-28,1963
452,10098,1963-10-05,1963
453,20270,1963-10-11,1963
454,20232,1963-10-17,1963
455,14359,1963-11-07,1963
456,12557,1963-11-08,1963
457,17331,1963-11-10,1963
458,19451,1963-11-13,1963
459,20616,1963-11-16,1963
460,17886,1963-11-20,1963
461,14925,1963-11-26,1963
462,15157,1963-12-14,1963
463,16449,1963-12-17,1963
464,20083,1963-12-28,1963
465,16267,1963-12-31,1963
466,16249,1964-01-29,1964
467,18851,1964-02-01,1964
468,16361,1964-02-08,1964
469,15570,1964-02-14,1964
470,15273,1964-02-16,1964
471,12164,1964-03-02,1964
472,20043,1964-03-10,1964
473,19314,1964-03-16,1964
474,16381,1964-03-16,1964
475,19664,1964-03-18,1964
476,15134,1964-04-24,1964
477,14360,1964-04-30,1964
478,17332,1964-05-14,1964
479,20233,1964-05-31,1964
480,18697,1964-06-18,1964
481,19346,1964-06-25,1964
482,12063,1964-07-02,1964
483,10352,1964-07-02,1964
484,15515,1964-07-08,1964
485,14111,1964-08-03,1964
486,17333,1964-10-16,1964
487,10857,1964-10-23,1964
488,19579,1964-11-12,1964
489,14700,1964-11-19,1964
490,14992,1964-12-04,1964
491,15785,1964-12-13,1964
492,14361,1964-12-21,1964
493,19347,1964-12-25,1964
494,11168,1964-12-25,1964
495,10925,1965-01-16,1965
496,15679,1965-02-16,1965
497,10099,1965-03-05,1965
498,19348,1965-03-09,1965
499,16524,1965-04-05,1965
500,16362,1965-05-07,1965
501,18698,1965-05-15,1965
502,19182,1965-05-15,1965
503,17803,1965-05-23,1965
504,21078,1965-06-14,1965
505,19315,1965-07-02,1965
506,10356,1965-07-02,1965
507,14926,1965-07-02,1965
508,15608,1965-07-02,1965
509,10761,1965-07-04,1965
510,16450,1965-07-10,1965
511,14201,1965-07-12,1965
512,15215,1965-08-09,1965
513,19452,1965-08-16,1965
514,18870,1965-08-16,1965
515,16195,1965-08-18,1965
516,16222,1965-09-16,1965
517,15219,1965-09-27,1965
518,16853,1965-09-28,1965
519,11029,1965-10-10,1965
520,15680,1965-10-16,1965
521,12460,1965-10-24,1965
522,16363,1965-11-02,1965
523,18370,1965-11-13,1965
524,15200,1965-11-23,1965
525,18037,1965-11-25,1965
526,18815,1965-12-09,1965
527,15158,1965-12-11,1965
528,10100,1965-12-24,1965
529,13796,1966-01-10,1966
530,20387,1966-01-24,1966
531,10722,1966-02-07,1966
532,10858,1966-02-22,1966
533,16250,1966-02-28,1966
534,10303,1966-03-09,1966
535,20137,1966-03-15,1966
536,14362,1966-03-15,1966
537,15463,1966-03-16,1966
538,15159,1966-03-19,1966
539,15135,1966-03-20,1966
540,16223,1966-03-28,1966
541,14633,1966-04-04,1966
542,19316,1966-04-15,1966
543,18533,1966-04-21,1966
544,15956,1966-04-26,1966
545,16196,1966-04-28,1966
546,12461,1966-05-05,1966
547,13596,1966-05-21,1966
548,15516,1966-06-09,1966
549,18699,1966-06-15,1966
550,10926,1966-06-16,1966
551,20234,1966-07-02,1966
552,15220,1966-07-02,1966
553,13401,1966-07-02,1966
554,16854,1966-07-05,1966
555,10859,1966-07-16,1966
556,16567,1966-08-12,1966
557,10723,1966-08-12,1966
558,16451,1966-09-24,1966
559,20388,1966-10-07,1966
560,10821,1966-10-28,1966
561,11096,1966-11-06,1966
562,14480,1966-11-13,1966
563,16973,1966-11-22,1966
564,11169,1967-01-01,1967
565,10860,1967-01-05,1967
566,15914,1967-01-12,1967
567,18871,1967-01-16,1967
568,14993,1967-01-19,1967
569,15050,1967-01-22,1967
570,15307,1967-01-27,1967
571,20084,1967-01-28,1967
572,15423,1967-02-18,1967
573,19317,1967-03-16,1967
574,18494,1967-03-27,1967
575,15464,1967-04-16,1967
576,10724,1967-04-22,1967
577,14066,1967-04-23,1967
578,13402,1967-05-07,1967
579,17334,1967-05-16,1967
580,18234,1967-05-16,1967
581,10314,1967-05-29,1967
582,13935,1967-07-02,1967
583,16234,1967-07-02,1967
584,19453,1967-07-02,1967
585,14020,1967-07-08,1967
586,15681,1967-07-16,1967
587,15274,1967-07-16,1967
588,15221,1967-07-16,1967
589,14634,1967-07-22,1967
590,11960,1967-08-09,1967
591,16855,1967-08-16,1967
592,16007,1967-08-31,1967
593,20235,1967-09-05,1967
594,18852,1967-09-06,1967
595,15490,1967-10-10,1967
596,19318,1967-10-16,1967
597,15517,1967-11-02,1967
598,10101,1967-11-05,1967
599,19183,1967-11-16,1967
600,16919,1967-11-25,1967
601,16525,1967-11-29,1967
602,13193,1967-12-04,1967
603,20389,1967-12-06,1967
604,15424,1967-12-11,1967
605,14764,1967-12-11,1967
606,18409,1967-12-23,1967
607,13797,1968-01-07,1968
608,15491,1968-01-14,1968
609,18235,1968-01-19,1968
610,16197,1968-01-23,1968
611,14481,1968-01-27,1968
612,16856,1968-01-31,1968
613,15518,1968-02-03,1968
614,18750,1968-02-16,1968
615,14962,1968-03-16,1968
616,14635,1968-04-06,1968
617,16803,1968-04-21,1968
618,16382,1968-05-07,1968
619,11665,1968-05-21,1968
620,12903,1968-05-23,1968
621,16263,1968-06-03,1968
622,11666,1968-06-11,1968
623,15222,1968-07-02,1968
624,19319,1968-07-02,1968
625,14112,1968-07-02,1968
626,11170,1968-07-02,1968
627,19454,1968-07-03,1968
628,13597,1968-07-16,1968
629,16920,1968-07-18,1968
630,18236,1968-07-28,1968
631,11134,1968-07-29,1968
632,15136,1968-08-16,1968
633,14599,1968-08-18,1968
634,10102,1968-08-22,1968
635,18094,1968-09-16,1968
636,15492,1968-09-16,1968
637,10103,1968-10-07,1968
638,10962,1968-10-23,1968
639,20092,1968-11-13,1968
640,16294,1968-11-28,1968
641,16974,1968-12-21,1968
642,18410,1969-01-12,1969
643,18237,1969-01-19,1969
644,14600,1969-01-21,1969
645,16259,1969-01-27,1969
646,10927,1969-02-11,1969
647,18872,1969-02-16,1969
648,13194,1969-02-21,1969
649,10104,1969-02-22,1969
650,13704,1969-02-27,1969
651,18475,1969-03-11,1969
652,16877,1969-03-21,1969
653,10305,1969-04-22,1969
654,11097,1969-04-22,1969
655,11171,1969-05-03,1969
656,11860,1969-05-16,1969
657,10105,1969-05-24,1969
658,11790,1969-06-16,1969
659,14636,1969-06-22,1969
660,13403,1969-06-23,1969
661,15519,1969-07-02,1969
662,15682,1969-07-20,1969
663,14482,1969-08-16,1969
664,19665,1969-09-11,1969
665,19455,1969-09-16,1969
666,11078,1969-09-20,1969
667,15223,1969-09-22,1969
668,14994,1969-09-29,1969
669,16732,1969-10-10,1969
670,15160,1969-10-28,1969
671,16857,1969-10-29,1969
672,16452,1969-11-27,1969
673,18411,1969-12-01,1969
674,10963,1969-12-19,1969
675,16198,1970-01-05,1970
676,15051,1970-01-15,1970
677,19320,1970-01-16,1970
678,18238,1970-01-26,1970
679,18323,1970-01-29,1970
680,13598,1970-02-16,1970
681,18773,1970-02-16,1970
682,10861,1970-03-30,1970
683,17335,1970-04-21,1970
684,12750,1970-05-05,1970
685,15308,1970-05-09,1970
686,19184,1970-05-11,1970
687,14995,1970-05-20,1970
688,15137,1970-05-21,1970
689,19456,1970-05-26,1970
690,16733,1970-06-05,1970
691,10306,1970-06-21,1970
692,14483,1970-06-30,1970
693,18239,1970-06-30,1970
694,18751,1970-07-02,1970
695,14673,1970-07-02,1970
696,16364,1970-07-02,1970
697,16295,1970-07-02,1970
698,15413,1970-07-02,1970
699,11172,1970-07-16,1970
700,15466,1970-07-26,1970
701,13195,1970-08-12,1970
702,11098,1970-08-14,1970
703,14637,1970-09-16,1970
704,19321,1970-09-16,1970
705,12970,1970-09-18,1970
706,18053,1970-09-18,1970
707,16858,1970-11-09,1970
708,16526,1970-11-27,1970
709,16296,1971-01-16,1971
710,14996,1971-01-26,1971
711,10964,1971-02-03,1971
712,15275,1971-02-03,1971
713,15344,1971-02-22,1971
714,16199,1971-03-11,1971
715,19349,1971-03-16,1971
716,14067,1971-03-24,1971
717,14638,1971-04-03,1971
718,18240,1971-04-05,1971
719,13798,1971-04-05,1971
720,14484,1971-04-09,1971
721,10880,1971-05-03,1971
722,16453,1971-05-11,1971
723,15224,1971-05-12,1971
724,16426,1971-05-19,1971
725,19457,1971-06-16,1971
726,20198,1971-07-16,1971
727,14485,1971-07-19,1971
728,17160,1971-08-05,1971
729,12298,1971-08-12,1971
730,10106,1971-08-14,1971
731,10256,1971-09-06,1971
732,15201,1971-09-06,1971
733,16139,1971-09-14,1971
734,10725,1971-09-14,1971
735,13799,1971-09-19,1971
736,10107,1971-09-24,1971
737,12454,1971-10-04,1971
738,20271,1971-10-07,1971
739,13058,1971-10-26,1971
740,12165,1971-10-29,1971
741,15804,1971-10-29,1971
742,19458,1971-11-16,1971
743,12064,1971-12-01,1971
744,13161,1972-01-03,1972
745,14860,1972-01-08,1972
746,16527,1972-01-16,1972
747,16200,1972-01-19,1972
748,16055,1972-01-26,1972
749,11173,1972-02-09,1972
750,14601,1972-03-19,1972
751,15276,1972-04-15,1972
752,18786,1972-04-29,1972
753,11667,1972-06-04,1972
754,14363,1972-06-09,1972
755,15610,1972-06-10,1972
756,18885,1972-06-18,1972
757,10347,1972-06-29,1972
758,12320,1972-07-02,1972
759,15138,1972-07-02,1972
760,10304,1972-07-04,1972
761,12462,1972-07-05,1972
762,11443,1972-07-16,1972
763,12263,1972-08-26,1972
764,16975,1972-09-02,1972
765,14202,1972-09-08,1972
766,15916,1972-10-06,1972
767,14973,1972-10-09,1972
768,16268,1972-10-22,1972
769,14639,1972-10-22,1972
770,15161,1972-10-24,1972
771,10655,1972-11-12,1972
772,14602,1972-11-22,1972
773,13162,1972-12-16,1972
774,16427,1973-01-06,1973
775,12971,1973-01-15,1973
776,18752,1973-01-16,1973
777,17336,1973-01-16,1973
778,12558,1973-01-23,1973
779,15571,1973-01-24,1973
780,17804,1973-02-01,1973
781,14524,1973-02-22,1973
782,10726,1973-02-23,1973
783,14997,1973-02-24,1973
784,20023,1973-03-16,1973
785,18358,1973-04-12,1973
786,15277,1973-04-15,1973
787,16321,1973-04-16,1973
788,14963,1973-04-16,1973
789,10108,1973-05-05,1973
790,14364,1973-05-10,1973
791,18753,1973-05-16,1973
792,16140,1973-05-16,1973
793,14801,1973-07-10,1973
794,14775,1973-07-11,1973
795,18740,1973-07-14,1973
796,11991,1973-07-16,1973
797,15467,1973-07-24,1973
798,18774,1973-07-25,1973
799,18853,1973-08-10,1973
800,13404,1973-08-16,1973
801,19757,1973-08-25,1973
802,16454,1973-09-15,1973
803,18434,1973-09-27,1973
804,15052,1973-10-04,1973
805,15225,1973-10-09,1973
806,14674,1973-10-15,1973
807,16269,1973-10-27,1973
808,14640,1973-10-31,1973
809,16976,1973-11-05,1973
810,10109,1973-11-10,1973
811,20138,1973-11-12,1973
812,11444,1973-11-16,1973
813,16346,1973-12-05,1973
814,11668,1973-12-09,1973
815,17597,1973-12-18,1973
816,11064,1973-12-24,1973
817,15309,1974-01-16,1974
818,13800,1974-01-30,1974
819,15347,1974-02-04,1974
820,20024,1974-02-11,1974
821,14946,1974-02-14,1974
822,19739,1974-02-19,1974
823,15572,1974-02-26,1974
824,18241,1974-02-28,1974
825,18034,1974-03-01,1974
826,14927,1974-03-04,1974
827,20139,1974-03-12,1974
828,16202,1974-03-12,1974
829,19459,1974-04-08,1974
830,16977,1974-06-03,1974
831,16141,1974-06-15,1974
832,11371,1974-07-02,1974
833,20236,1974-07-15,1974
834,10110,1974-07-19,1974
835,17546,1974-07-28,1974
836,20140,1974-09-01,1974
837,12463,1974-09-05,1974
838,14486,1974-09-08,1974
839,11174,1974-09-11,1974
840,10111,1974-09-19,1974
841,13801,1974-09-29,1974
842,10727,1974-10-10,1974
843,14974,1974-10-17,1974
844,15162,1974-11-12,1974
845,17598,1974-12-24,1974
846,14947,1974-12-30,1974
847,10112,1974-12-31,1974
848,15468,1975-01-16,1975
849,14603,1975-02-12,1975
850,13803,1975-02-24,1975
851,15310,1975-03-06,1975
852,16142,1975-03-16,1975
853,15611,1975-03-27,1975
854,14641,1975-04-24,1975
855,10928,1975-05-16,1975
856,10728,1975-05-28,1975
857,19323,1975-06-28,1975
858,13201,1975-07-02,1975
859,10225,1975-07-05,1975
860,15163,1975-08-16,1975
861,18424,1975-08-25,1975
862,20141,1975-09-13,1975
863,20085,1975-09-13,1975
864,18371,1975-10-02,1975
865,17337,1975-10-16,1975
866,14642,1975-10-17,1975
867,14365,1975-11-04,1975
868,16455,1975-11-16,1975
869,10113,1975-11-29,1975
870,10469,1975-12-11,1975
871,12948,1975-12-20,1975
872,20922,1976-01-01,1976
873,14964,1976-01-02,1976
874,11445,1976-01-04,1976
875,15226,1976-01-15,1976
876,18413,1976-01-16,1976
877,20086,1976-01-16,1976
878,20272,1976-01-22,1976
879,17842,1976-03-02,1976
880,14643,1976-03-06,1976
881,10881,1976-03-09,1976
882,19350,1976-03-25,1976
883,16978,1976-04-02,1976
884,15311,1976-05-01,1976
885,16143,1976-06-07,1976
886,11175,1976-06-21,1976
887,12368,1976-07-08,1976
888,14604,1976-08-23,1976
889,15164,1976-08-24,1976
890,10882,1976-08-29,1976
891,16859,1976-09-03,1976
892,14644,1976-09-12,1976
893,16528,1976-09-15,1976
894,18816,1976-09-23,1976
895,20025,1976-10-15,1976
896,14366,1976-11-02,1976
897,10929,1976-11-03,1976
898,10862,1976-12-02,1976
899,14487,1976-12-18,1976
900,14068,1976-12-23,1976
901,14101,1977-01-10,1977
902,12464,1977-01-14,1977
903,15278,1977-01-20,1977
904,12166,1977-01-26,1977
905,15165,1977-02-22,1977
906,11231,1977-03-03,1977
907,10729,1977-03-03,1977
908,19780,1977-03-06,1977
909,11339,1977-03-19,1977
910,11669,1977-03-23,1977
911,14367,1977-03-24,1977
912,19351,1977-03-25,1977
913,20206,1977-03-30,1977
914,11065,1977-04-04,1977
915,14203,1977-04-05,1977
916,17338,1977-04-11,1977
917,15227,1977-04-13,1977
918,14704,1977-04-16,1977
919,12949,1977-04-27,1977
920,11176,1977-05-16,1977
921,16144,1977-06-09,1977
922,14605,1977-07-04,1977
923,14645,1977-07-16,1977
924,15166,1977-07-17,1977
925,19460,1977-08-02,1977
926,18601,1977-08-07,1977
927,15279,1977-08-16,1977
928,10730,1977-09-11,1977
929,10114,1977-09-13,1977
930,16860,1977-10-03,1977
931,10883,1977-10-16,1977
932,14705,1977-10-17,1977
933,14368,1977-10-24,1977
934,12465,1977-11-11,1977
935,16470,1977-11-16,1977
936,17937,1977-12-07,1977
937,10315,1977-12-10,1977
938,10460,1977-12-16,1977
939,11177,1977-12-18,1977
940,16878,1978-01-06,1978
941,16145,1978-01-16,1978
942,20044,1978-02-04,1978
943,20087,1978-02-08,1978
944,14706,1978-02-16,1978
945,16529,1978-02-22,1978
946,14525,1978-02-23,1978
947,16805,1978-03-07,1978
948,11066,1978-03-30,1978
949,13804,1978-04-29,1978
950,15053,1978-05-07,1978
951,18631,1978-05-14,1978
952,12321,1978-06-16,1978
953,15167,1978-06-21,1978
954,16734,1978-06-27,1978
955,15612,1978-07-10,1978
956,18742,1978-07-20,1978
957,16764,1978-07-29,1978
958,11670,1978-08-08,1978
959,19352,1978-09-08,1978
960,11178,1978-09-22,1978
961,20027,1978-09-25,1978
962,13946,1978-11-07,1978
963,15312,1978-11-22,1978
964,18414,1978-12-11,1978
965,18632,1978-12-12,1978
966,14948,1979-01-12,1979
967,15280,1979-01-26,1979
968,11728,1979-01-29,1979
969,19353,1979-02-11,1979
970,20088,1979-02-16,1979
971,14707,1979-02-16,1979
972,17161,1979-02-16,1979
973,15786,1979-02-20,1979
974,12322,1979-03-08,1979
975,12300,1979-03-08,1979
976,12455,1979-04-13,1979
977,12189,1979-04-14,1979
978,18828,1979-04-16,1979
979,14765,1979-05-10,1979
980,14776,1979-05-14,1979
981,14369,1979-05-28,1979
982,16530,1979-05-31,1979
983,17339,1979-06-05,1979
984,15281,1979-06-06,1979
985,14646,1979-06-30,1979
986,15392,1979-07-02,1979
987,15313,1979-07-02,1979
988,15095,1979-07-02,1979
989,13805,1979-07-03,1979
990,15613,1979-07-15,1979
991,13806,1979-07-16,1979
992,11179,1979-09-08,1979
993,19354,1979-09-18,1979
994,10316,1979-09-30,1979
995,12065,1979-10-15,1979
996,17457,1979-10-28,1979
997,11712,1979-11-13,1979
998,10115,1979-11-16,1979
999,16765,1979-12-27,1979
1000,20561,1980-01-10,1980
1001,14647,1980-01-15,1980
1002,14708,1980-01-16,1980
1003,14069,1980-01-30,1980
1004,10317,1980-02-12,1980
1005,10116,1980-03-11,1980
1006,18415,1980-03-13,1980
1007,15614,1980-03-15,1980
1008,12950,1980-03-16,1980
1009,16531,1980-03-24,1980
1010,20557,1980-03-27,1980
1011,15469,1980-03-29,1980
1012,15314,1980-04-15,1980
1013,19355,1980-04-18,1980
1014,19988,1980-05-01,1980
1015,15282,1980-05-16,1980
1016,18832,1980-05-24,1980
1017,16056,1980-06-05,1980
1018,19024,1980-06-15,1980
1019,12167,1980-06-20,1980
1020,15228,1980-07-02,1980
1021,20028,1980-07-03,1980
1022,20142,1980-07-06,1980
1023,13807,1980-07-08,1980
1024,19685,1980-08-07,1980
1025,16735,1980-08-08,1980
1026,12751,1980-08-17,1980
1027,19356,1980-08-21,1980
1028,19580,1980-08-23,1980
1029,16667,1980-09-04,1980
1030,11180,1980-09-12,1980
1031,14413,1980-09-16,1980
1032,17340,1980-09-24,1980
1033,16979,1980-09-28,1980
1034,15054,1980-10-06,1980
1035,15168,1980-10-07,1980
1036,11997,1980-10-16,1980
1037,14648,1980-10-18,1980
1038,16270,1980-11-05,1980
1039,20143,1980-11-08,1980
1040,10318,1980-11-10,1980
1041,11181,1980-12-26,1980
1042,19461,1981-01-25,1981
1043,13808,1981-01-26,1981
1044,12951,1981-01-30,1981
1045,14370,1981-02-03,1981
1046,10930,1981-02-16,1981
1047,15283,1981-02-20,1981
1048,18633,1981-02-27,1981
1049,16593,1981-03-04,1981
1050,11182,1981-03-16,1981
1051,13809,1981-03-17,1981
1052,19848,1981-03-24,1981
1053,20144,1981-03-30,1981
1054,12752,1981-04-09,1981
1055,16766,1981-04-09,1981
1056,15615,1981-04-24,1981
1057,18887,1981-04-27,1981
1058,18515,1981-05-15,1981
1059,14526,1981-05-16,1981
1060,18743,1981-06-10,1981
1061,19360,1981-06-12,1981
1062,17341,1981-06-15,1981
1063,15787,1981-07-02,1981
1064,15229,1981-07-09,1981
1065,11671,1981-08-01,1981
1066,11491,1981-08-31,1981
1067,20145,1981-09-25,1981
1068,14649,1981-10-25,1981
1069,12952,1981-11-18,1981
1070,10931,1981-11-25,1981
1071,18888,1981-11-25,1981
1072,13810,1981-11-26,1981
1073,14070,1981-12-25,1981
1074,11067,1982-01-15,1982
1075,19686,1982-01-15,1982
1076,10319,1982-03-01,1982
1077,18416,1982-03-09,1982
1078,15470,1982-03-10,1982
1079,10299,1982-03-16,1982
1080,19463,1982-03-24,1982
1081,10610,1982-03-28,1982
1082,18889,1982-03-29,1982
1083,15721,1982-04-05,1982
1084,15170,1982-04-07,1982
1085,15230,1982-04-18,1982
1086,17805,1982-04-26,1982
1087,10117,1982-04-30,1982
1088,14709,1982-05-16,1982
1089,14104,1982-06-21,1982
1090,20718,1982-07-02,1982
1091,16532,1982-07-02,1982
1092,16146,1982-07-18,1982
1093,16428,1982-08-26,1982
1094,11690,1982-08-28,1982
1095,10118,1982-09-25,1982
1096,17806,1982-10-02,1982
1097,20029,1982-10-05,1982
1098,19464,1982-10-07,1982
1099,14132,1982-10-16,1982
1100,15315,1982-10-24,1982
1101,17843,1982-10-26,1982
1102,16322,1982-11-17,1982
1103,18785,1982-11-22,1982
1104,18417,1982-11-28,1982
1105,15471,1982-12-16,1982
1106,14023,1983-01-01,1983
1107,10119,1983-01-03,1983
1108,11099,1983-02-06,1983
1109,10320,1983-03-14,1983
1110,11068,1983-03-16,1983
1111,13811,1983-03-28,1983
1112,17807,1983-04-08,1983
1113,17547,1983-04-14,1983
1114,16323,1983-05-11,1983
1115,16533,1983-05-16,1983
1116,12838,1983-05-28,1983
1117,20167,1983-06-02,1983
1118,16767,1983-06-25,1983
1119,15284,1983-07-02,1983
1120,15472,1983-07-02,1983
1121,19849,1983-07-08,1983
1122,20147,1983-07-11,1983
1123,10300,1983-07-12,1983
1124,17342,1983-07-16,1983
1125,16423,1983-07-18,1983
1126,17844,1983-07-26,1983
1127,16668,1983-08-09,1983
1128,16348,1983-08-17,1983
1129,15683,1983-09-14,1983
1130,18272,1983-10-03,1983
1131,12168,1983-10-14,1983
1132,10321,1983-10-27,1983
1133,15055,1983-11-06,1983
1134,20148,1983-11-11,1983
1135,14371,1983-12-04,1983
1136,10301,1983-12-18,1983
1137,16058,1983-12-21,1983
1138,14489,1983-12-26,1983
1139,15722,1984-01-09,1984
1140,19361,1984-02-05,1984
1141,14071,1984-02-23,1984
1142,14770,1984-03-01,1984
1143,18374,1984-03-08,1984
1144,19465,1984-03-10,1984
1145,19581,1984-03-17,1984
1146,10226,1984-03-25,1984
1147,11672,1984-03-30,1984
1148,11100,1984-03-31,1984
1149,14650,1984-04-02,1984
1150,17343,1984-04-13,1984
1151,12066,1984-04-20,1984
1152,13812,1984-04-28,1984
1153,18700,1984-05-01,1984
1154,16271,1984-05-09,1984
1155,16059,1984-05-12,1984
1156,16429,1984-05-24,1984
1157,15202,1984-06-03,1984
1158,15285,1984-07-02,1984
1159,19808,1984-07-12,1984
1160,13813,1984-07-20,1984
1161,19025,1984-08-04,1984
1162,12169,1984-08-11,1984
1163,15056,1984-08-23,1984
1164,12953,1984-09-04,1984
1165,16806,1984-09-09,1984
1166,16938,1984-10-16,1984
1167,14651,1984-10-25,1984
1168,15474,1984-11-15,1984
1169,20168,1984-11-29,1984
1170,11863,1984-12-16,1984
1171,11069,1984-12-16,1984
1172,11289,1984-12-22,1984
1173,15057,1984-12-30,1984
1174,12972,1985-01-06,1985
1175,10302,1985-01-10,1985
1176,14405,1985-01-14,1985
1177,16272,1985-02-03,1985
1178,13814,1985-03-08,1985
1179,16736,1985-03-13,1985
1180,14798,1985-03-21,1985
1181,11492,1985-05-16,1985
1182,16430,1985-05-19,1985
1183,14652,1985-05-21,1985
1184,19582,1985-05-26,1985
1185,19362,1985-06-12,1985
1186,14372,1985-06-14,1985
1187,18659,1985-06-19,1985
1188,11774,1985-07-02,1985
1189,10470,1985-07-02,1985
1190,16251,1985-07-30,1985
1191,19466,1985-08-16,1985
1192,16147,1985-08-23,1985
1193,11290,1985-09-11,1985
1194,11101,1985-09-16,1985
1195,16939,1985-09-16,1985
1196,16737,1985-10-05,1985
1197,14653,1985-11-15,1985
1198,10863,1985-11-16,1985
1199,15058,1985-11-17,1985
1200,11070,1985-12-02,1985
1201,15171,1985-12-09,1985
1202,13815,1985-12-19,1985
1203,17600,1986-01-18,1986
1204,11898,1986-01-20,1986
1205,14490,1986-02-01,1986
1206,14654,1986-02-08,1986
1207,10621,1986-02-16,1986
1208,13816,1986-03-16,1986
1209,20030,1986-03-18,1986
1210,20090,1986-03-19,1986
1211,16457,1986-03-22,1986
1212,19363,1986-03-26,1986
1213,20262,1986-03-27,1986
1214,19583,1986-03-28,1986
1215,20149,1986-04-16,1986
1216,19810,1986-04-28,1986
1217,10322,1986-05-16,1986
1218,18890,1986-05-25,1986
1219,16324,1986-05-28,1986
1220,16738,1986-06-03,1986
1221,19467,1986-06-08,1986
1222,14675,1986-06-15,1986
1223,14710,1986-06-16,1986
1224,15375,1986-07-02,1986
1225,20711,1986-07-02,1986
1226,15414,1986-07-05,1986
1227,15172,1986-07-05,1986
1228,14073,1986-07-16,1986
1229,15788,1986-08-06,1986
1230,20719,1986-08-16,1986
1231,18817,1986-09-01,1986
1232,11864,1986-09-14,1986
1233,15917,1986-10-10,1986
1234,18829,1986-10-11,1986
1235,13817,1986-10-30,1986
1236,15286,1986-11-13,1986
1237,18242,1986-11-15,1986
1238,18854,1986-11-18,1986
1239,19850,1986-11-18,1986
1240,19468,1986-11-27,1986
1241,19364,1986-12-05,1986
1242,11747,1986-12-16,1986
1243,11102,1986-12-31,1986
1244,10731,1987-01-05,1987
1245,15475,1987-01-15,1987
1246,20031,1987-01-31,1987
1247,11030,1987-02-15,1987
1248,19990,1987-03-02,1987
1249,19762,1987-03-04,1987
1250,13818,1987-03-08,1987
1251,20155,1987-03-10,1987
1252,20169,1987-03-19,1987
1253,16739,1987-03-30,1987
1254,11103,1987-04-01,1987
1255,16594,1987-04-13,1987
1256,19673,1987-04-13,1987
1257,17548,1987-04-25,1987
1258,16148,1987-05-16,1987
1259,10323,1987-06-04,1987
1260,11183,1987-06-16,1987
1261,19811,1987-06-19,1987
1262,10471,1987-07-02,1987
1263,17602,1987-07-14,1987
1264,14655,1987-08-24,1987
1265,19687,1987-09-04,1987
1266,19788,1987-09-04,1987
1267,18516,1987-09-04,1987
1268,16325,1987-10-02,1987
1269,18874,1987-10-14,1987
1270,18243,1987-11-16,1987
1271,10932,1987-11-16,1987
1272,11865,1987-11-16,1987
1273,11899,1987-11-28,1987
1274,16254,1987-12-28,1987
1275,14074,1987-12-30,1987
1276,18701,1988-01-05,1988
1277,16940,1988-01-16,1988
1278,16996,1988-01-18,1988
1279,16669,1988-02-12,1988
1280,15287,1988-02-12,1988
1281,15616,1988-02-14,1988
1282,16768,1988-02-20,1988
1283,14656,1988-03-20,1988
1284,20032,1988-03-26,1988
1285,16458,1988-04-21,1988
1286,16420,1988-05-09,1988
1287,17344,1988-05-26,1988
1288,14732,1988-06-01,1988
1289,11071,1988-06-16,1988
1290,16740,1988-06-21,1988
1291,11749,1988-06-22,1988
1292,10340,1988-07-02,1988
1293,15762,1988-07-12,1988
1294,16689,1988-07-29,1988
1295,18518,1988-08-24,1988
1296,14711,1988-09-08,1988
1297,11673,1988-09-14,1988
1298,13819,1988-10-02,1988
1299,19584,1988-12-07,1988
1300,14657,1988-12-08,1988
1301,18660,1988-12-10,1988
1302,12016,1988-12-25,1988
1303,12466,1988-12-29,1988
1304,15059,1989-01-01,1989
1305,18818,1989-01-13,1989
1306,22332,1989-01-30,1989
1307,18875,1989-02-02,1989
1308,11372,1989-02-19,1989
1309,11031,1989-02-20,1989
1310,20033,1989-02-27,1989
1311,17345,1989-04-05,1989
1312,19567,1989-04-07,1989
1313,17549,1989-04-19,1989
1314,16431,1989-04-22,1989
1315,14075,1989-04-24,1989
1316,15288,1989-04-24,1989
1317,18754,1989-05-03,1989
1318,14133,1989-05-29,1989
1319,14658,1989-07-01,1989
1320,17379,1989-07-13,1989
1321,16534,1989-07-16,1989
1322,19365,1989-08-01,1989
1323,15203,1989-08-16,1989
1324,19688,1989-08-17,1989
1325,13820,1989-09-11,1989
1326,18477,1989-09-21,1989
1327,16741,1989-10-25,1989
1328,20558,1989-12-07,1989
1329,20390,1989-12-14,1989
1330,13821,1989-12-16,1989
1331,10762,1990-01-04,1990
1332,11373,1990-01-07,1990
1333,14659,1990-01-07,1990
1334,19585,1990-01-10,1990
1335,16149,1990-01-16,1990
1336,14373,1990-01-18,1990
1337,20034,1990-01-26,1990
1338,16297,1990-01-28,1990
1339,19366,1990-01-29,1990
1340,15957,1990-02-10,1990
1341,12067,1990-02-25,1990
1342,20150,1990-03-05,1990
1343,12467,1990-03-26,1990
1344,16941,1990-04-16,1990
1345,11493,1990-04-16,1990
1346,16670,1990-04-25,1990
1347,11750,1990-05-28,1990
1348,14712,1990-05-30,1990
1349,19667,1990-06-01,1990
1350,14660,1990-06-17,1990
1351,10357,1990-07-02,1990
1352,12216,1990-07-02,1990
1353,17808,1990-07-20,1990
1354,20035,1990-09-06,1990
1355,15289,1990-09-16,1990
1356,18244,1990-10-04,1990
1357,20559,1990-11-05,1990
1358,17181,1990-11-17,1990
1359,11866,1990-11-24,1990
1360,15521,1990-12-31,1990
1361,19103,1991-01-13,1991
1362,18876,1991-01-16,1991
1363,12753,1991-01-17,1991
1364,11945,1991-02-09,1991
1365,16742,1991-02-14,1991
1366,10473,1991-03-01,1991
1367,11184,1991-03-06,1991
1368,10344,1991-03-16,1991
1369,16255,1991-03-16,1991
1370,15383,1991-04-01,1991
1371,16867,1991-04-02,1991
1372,19469,1991-04-08,1991
1373,11674,1991-04-19,1991
1374,15173,1991-05-04,1991
1375,11104,1991-05-07,1991
1376,16326,1991-05-08,1991
1377,16298,1991-05-11,1991
1378,20963,1991-05-13,1991
1379,16459,1991-05-17,1991
1380,16432,1991-05-22,1991
1381,14766,1991-06-24,1991
1382,16535,1991-07-02,1991
1383,15376,1991-07-02,1991
1384,14661,1991-07-05,1991
1385,14204,1991-07-11,1991
1386,14374,1991-07-19,1991
1387,12299,1991-08-08,1991
1388,12170,1991-08-30,1991
1389,16150,1991-09-10,1991
1390,20036,1991-09-15,1991
1391,14076,1991-09-20,1991
1392,11730,1991-09-25,1991
1393,11867,1991-10-21,1991
1394,16327,1991-11-03,1991
1395,20046,1991-11-29,1991
1396,10345,1991-12-01,1991
1397,17162,1991-12-01,1991
1398,13825,1991-12-14,1991
1399,16743,1992-01-08,1992
1400,15922,1992-01-20,1992
1401,19470,1992-01-25,1992
1402,14662,1992-02-08,1992
1403,11185,1992-02-16,1992
1404,20037,1992-03-08,1992
1405,19367,1992-03-12,1992
1406,16569,1992-04-07,1992
1407,10965,1992-04-09,1992
1408,18519,1992-04-13,1992
1409,17346,1992-04-23,1992
1410,14407,1992-05-29,1992
1411,16744,1992-06-10,1992
1412,20399,1992-06-27,1992
1413,19863,1992-07-06,1992
1414,16868,1992-07-09,1992
1415,12008,1992-07-22,1992
1416,12068,1992-08-23,1992
1417,14375,1992-08-27,1992
1418,12171,1992-09-11,1992
1419,19471,1992-09-12,1992
1420,11186,1992-10-16,1992
1421,15617,1992-11-07,1992
1422,18458,1992-11-10,1992
1423,14395,1992-12-16,1992
1424,20038,1992-12-18,1992
1425,19781,1992-12-27,1992
1426,14408,1993-01-02,1993
1427,15060,1993-01-12,1993
1428,11374,1993-01-14,1993
1429,18520,1993-01-15,1993
1430,15789,1993-01-23,1993
1431,10377,1993-01-29,1993
1432,11868,1993-01-30,1993
1433,16807,1993-02-02,1993
1434,13826,1993-02-03,1993
1435,16869,1993-02-16,1993
1436,11494,1993-03-09,1993
1437,16151,1993-04-01,1993
1438,16672,1993-05-06,1993
1439,19782,1993-05-28,1993
1440,11032,1993-06-16,1993
1441,16328,1993-06-16,1993
1442,20712,1993-06-26,1993
1443,16173,1993-07-03,1993
1444,20170,1993-07-30,1993
1445,13827,1993-08-03,1993
1446,19991,1993-08-16,1993
1447,16745,1993-08-25,1993
1448,20091,1993-09-04,1993
1449,16349,1993-09-15,1993
1450,19368,1993-10-21,1993
1451,14965,1993-11-03,1993
1452,11696,1993-12-05,1993
1453,11869,1993-12-17,1993
1454,19721,1994-01-05,1994
1455,16673,1994-01-16,1994
1456,16174,1994-02-03,1994
1457,11187,1994-03-16,1994
1458,15618,1994-03-19,1994
1459,15061,1994-04-19,1994
1460,17347,1994-05-02,1994
1461,12069,1994-05-17,1994
1462,19813,1994-05-25,1994
1463,16224,1994-06-03,1994
1464,13831,1994-06-17,1994
1465,14105,1994-06-23,1994
1466,14077,1994-07-04,1994
1467,19369,1994-07-07,1994
1468,16152,1994-07-14,1994
1469,11870,1994-07-20,1994
1470,10474,1994-07-21,1994
1471,10933,1994-07-31,1994
1472,16204,1994-08-07,1994
1473,18419,1994-08-22,1994
1474,19472,1994-09-08,1994
1475,14024,1994-09-18,1994
1476,15096,1994-09-19,1994
1477,12172,1994-09-26,1994
1478,15573,1994-10-16,1994
1479,19814,1994-10-20,1994
1480,11871,1994-11-13,1994
1481,16769,1994-11-27,1994
1482,11232,1994-12-08,1994
1483,15290,1994-12-16,1994
1484,12009,1994-12-16,1994
1485,15384,1994-12-20,1994
1486,10550,1994-12-21,1994
1487,14802,1995-01-09,1995
1488,14664,1995-01-11,1995
1489,10864,1995-01-12,1995
1490,11675,1995-01-25,1995
1491,19992,1995-01-30,1995
1492,17524,1995-02-11,1995
1493,15236,1995-03-02,1995
1494,16060,1995-03-03,1995
1495,16153,1995-03-16,1995
1496,13137,1995-04-02,1995
1497,12173,1995-04-15,1995
1498,13214,1995-04-16,1995
1499,20171,1995-04-17,1995
1500,10966,1995-05-29,1995
1501,14767,1995-06-06,1995
1502,19722,1995-06-19,1995
1503,14491,1995-06-28,1995
1504,15204,1995-07-02,1995
1505,12346,1995-07-18,1995
1506,11828,1995-09-01,1995
1507,16061,1995-09-09,1995
1508,12010,1995-09-16,1995
1509,19370,1995-09-16,1995
1510,17365,1995-10-11,1995
1511,18534,1995-10-11,1995
1512,12070,1995-10-13,1995
1513,11105,1995-11-06,1995
1514,16536,1995-11-09,1995
1515,20172,1995-11-15,1995
1516,14713,1995-11-27,1995
1517,15097,1995-11-28,1995
1518,14393,1995-12-01,1995
1519,20094,1995-12-23,1995
1520,19186,1996-01-02,1996
1521,19125,1996-01-02,1996
1522,12174,1996-01-16,1996
1523,17182,1996-02-10,1996
1524,15356,1996-02-18,1996
1525,20732,1996-02-25,1996
1526,20722,1996-02-28,1996
1527,18580,1996-03-05,1996
1528,10551,1996-03-05,1996
1529,11188,1996-04-08,1996
1530,15295,1996-06-16,1996
1531,14666,1996-06-16,1996
1532,18521,1996-07-02,1996
1533,10348,1996-07-02,1996
1534,16674,1996-07-02,1996
1535,15619,1996-07-16,1996
1536,19371,1996-07-23,1996
1537,16746,1996-08-10,1996
1538,15522,1996-08-16,1996
1539,17913,1996-09-01,1996
1540,20151,1996-09-11,1996
1541,12178,1996-09-14,1996
1542,19789,1996-09-17,1996
1543,14714,1996-09-20,1996
1544,12840,1996-09-30,1996
1545,16537,1996-10-01,1996
1546,11872,1996-10-18,1996
1547,19473,1996-11-14,1996
1548,18702,1996-11-21,1996
1549,14078,1996-12-01,1996
1550,18891,1996-12-03,1996
1551,11033,1996-12-05,1996
1552,14396,1996-12-16,1996
1553,16942,1996-12-26,1996
1554,15790,1996-12-31,1996
1555,15174,1997-01-16,1997
1556,19851,1997-02-11,1997
1557,19790,1997-03-03,1997
1558,19586,1997-03-08,1997
1559,15622,1997-03-16,1997
1560,12071,1997-03-16,1997
1561,11495,1997-03-16,1997
1562,16155,1997-04-16,1997
1563,14715,1997-04-18,1997
1564,19815,1997-05-05,1997
1565,19372,1997-05-08,1997
1566,18089,1997-05-11,1997
1567,10886,1997-05-19,1997
1568,20095,1997-06-02,1997
1569,11034,1997-06-03,1997
1570,16252,1997-07-02,1997
1571,16997,1997-07-02,1997
1572,12374,1997-07-15,1997
1573,18090,1997-08-16,1997
1574,19474,1997-09-07,1997
1575,14667,1997-10-09,1997
1576,17550,1997-10-29,1997
1577,10475,1997-11-22,1997
1578,19373,1997-12-05,1997
1579,14716,1997-12-15,1997
1580,10865,1997-12-31,1997
1581,20713,1998-01-25,1998
1582,11106,1998-02-15,1998
1583,12179,1998-02-24,1998
1584,14376,1998-03-09,1998
1585,14492,1998-03-28,1998
1586,17551,1998-03-30,1998
1587,12072,1998-04-03,1998
1588,15393,1998-04-19,1998
1589,16998,1998-04-25,1998
1590,19764,1998-05-08,1998
1591,19587,1998-05-30,1998
1592,19374,1998-06-20,1998
1593,16205,1998-07-04,1998
1594,15525,1998-07-04,1998
1595,16538,1998-07-05,1998
1596,15316,1998-07-16,1998
1597,19475,1998-07-23,1998
1598,11496,1998-08-07,1998
1599,20199,1998-08-13,1998
1600,14493,1998-08-22,1998
1601,11035,1998-09-14,1998
1602,11729,1998-09-15,1998
1603,14079,1998-10-17,1998
1604,18581,1998-10-25,1998
1605,15526,1998-11-03,1998
1606,20096,1998-11-04,1998
1607,18703,1998-11-09,1998
1608,12073,1998-11-10,1998
1609,11946,1998-11-18,1998
1610,19963,1998-11-25,1998
1611,12841,1998-12-18,1998
1612,16579,1998-12-18,1998
1613,16943,1999-01-05,1999
1614,14729,1999-01-08,1999
1615,22333,1999-01-19,1999
1616,15330,1999-02-01,1999
1617,19476,1999-02-05,1999
1618,15623,1999-02-05,1999
1619,15176,1999-02-16,1999
1620,19375,1999-02-25,1999
1621,15394,1999-03-09,1999
1622,20097,1999-03-13,1999
1623,16206,1999-03-15,1999
1624,16539,1999-03-16,1999
1625,15527,1999-03-16,1999
1626,14134,1999-03-28,1999
1627,16299,1999-03-31,1999
1628,19588,1999-04-03,1999
1629,12976,1999-04-05,1999
1630,15476,1999-04-16,1999
1631,10887,1999-05-01,1999
1632,15763,1999-05-01,1999
1633,15205,1999-05-16,1999
1634,10732,1999-05-21,1999
1635,10934,1999-05-21,1999
1636,16350,1999-05-22,1999
1637,14717,1999-06-06,1999
1638,16944,1999-06-15,1999
1639,16808,1999-06-22,1999
1640,16175,1999-06-28,1999
1641,14377,1999-07-19,1999
1642,16156,1999-07-30,1999
1643,10970,1999-08-05,1999
1644,19594,1999-08-15,1999
1645,18420,1999-09-10,1999
1646,11643,1999-10-05,1999
1647,18765,1999-10-07,1999
1648,15062,1999-10-20,1999
1649,15178,1999-11-16,1999
1650,11036,1999-11-22,1999
1651,11072,1999-12-27,1999
1652,16999,2000-01-16,2000
1653,14080,2000-01-27,2000
1654,19477,2000-02-03,2000
1655,14378,2000-02-14,2000
1656,16945,2000-02-24,2000
1657,12754,2000-02-26,2000
1658,15139,2000-02-28,2000
1659,15206,2000-02-29,2000
1660,14494,2000-03-07,2000
1661,14409,2000-03-07,2000
1662,15477,2000-03-11,2000
1663,19376,2000-03-14,2000
1664,18972,2000-03-17,2000
1665,11375,2000-03-21,2000
1666,18602,2000-03-31,2000
1667,11751,2000-04-16,2000
1668,16460,2000-05-10,2000
1669,13204,2000-05-13,2000
1670,16435,2000-05-13,2000
1671,14135,2000-05-28,2000
1672,15624,2000-05-29,2000
1673,14928,2000-06-03,2000
1674,14379,2000-06-23,2000
1675,18273,2000-06-27,2000
1676,18973,2000-06-30,2000
1677,12011,2000-07-01,2000
1678,16161,2000-07-09,2000
1679,16809,2000-07-16,2000
1680,19377,2000-07-18,2000
1681,11873,2000-07-20,2000
1682,19478,2000-07-28,2000
1683,10763,2000-08-16,2000
1684,15548,2000-08-22,2000
1685,18582,2000-09-04,2000
1686,15063,2000-09-28,2000
1687,17000,2000-10-16,2000
1688,16062,2000-11-29,2000
1689,16946,2000-12-19,2000
1690,15395,2000-12-25,2000
1691,16810,2001-01-08,2001
1692,18274,2001-01-11,2001
1693,16258,2001-01-11,2001
1694,15064,2001-01-16,2001
1695,10935,2001-01-17,2001
1696,19816,2001-02-02,2001
1697,14081,2001-02-06,2001
1698,14495,2001-02-19,2001
1699,14380,2001-03-27,2001
1700,15478,2001-04-13,2001
1701,11037,2001-04-23,2001
1702,18474,2001-04-24,2001
1703,14397,2001-05-03,2001
1704,10888,2001-05-11,2001
1705,15528,2001-05-12,2001
1706,16580,2001-05-28,2001
1707,15317,2001-06-08,2001
1708,14381,2001-06-11,2001
1709,14929,2001-06-14,2001
1710,13832,2001-07-17,2001
1711,15625,2001-07-21,2001
1712,19378,2001-07-23,2001
1713,15065,2001-08-28,2001
1714,18421,2001-09-21,2001
1715,15494,2001-09-25,2001
1716,14772,2001-09-27,2001
1717,13205,2001-10-01,2001
1718,19104,2001-10-05,2001
1719,19880,2001-10-31,2001
1720,19187,2001-11-15,2001
1721,13144,2001-11-24,2001
1722,11497,2001-11-26,2001
1723,12468,2001-12-04,2001
1724,19379,2001-12-10,2001
1725,13835,2001-12-16,2001
1726,10733,2002-01-04,2002
1727,14382,2002-01-05,2002
1728,14930,2002-01-13,2002
1729,10866,2002-01-16,2002
1730,14106,2002-01-17,2002
1731,18855,2002-01-25,2002
1732,16461,2002-02-09,2002
1733,15331,2002-03-16,2002
1734,19479,2002-04-09,2002
1735,11498,2002-04-16,2002
1736,17001,2002-05-11,2002
1737,14107,2002-05-17,2002
1738,14718,2002-05-24,2002
1739,14998,2002-05-25,2002
1740,10889,2002-05-29,2002
1741,19886,2002-05-30,2002
1742,11376,2002-06-07,2002
1743,16162,2002-06-16,2002
1744,19765,2002-07-16,2002
1745,14082,2002-07-25,2002
1746,15027,2002-08-03,2002
1747,18372,2002-08-12,2002
1748,15066,2002-08-22,2002
1749,20173,2002-09-24,2002
1750,16493,2002-09-25,2002
1751,15098,2002-10-06,2002
1752,11499,2002-10-11,2002
1753,16811,2002-10-11,2002
1754,16300,2002-10-12,2002
1755,12074,2002-10-13,2002
1756,10936,2002-10-17,2002
1757,11875,2002-10-26,2002
1758,13836,2002-10-26,2002
1759,14931,2002-10-31,2002
1760,14719,2002-11-01,2002
1761,11446,2002-11-03,2002
1762,15688,2002-11-11,2002
1763,14383,2002-11-16,2002
1764,19480,2002-11-24,2002
1765,16747,2002-11-28,2002
1766,16462,2002-12-23,2002
1767,19380,2002-12-25,2002
1768,17809,2003-02-06,2003
1769,17002,2003-02-16,2003
1770,16748,2003-03-07,2003
1771,13837,2003-03-08,2003
1772,16812,2003-03-17,2003
1773,12075,2003-04-09,2003
1774,14720,2003-04-10,2003
1775,15071,2003-04-14,2003
1776,14803,2003-04-16,2003
1777,18856,2003-04-17,2003
1778,18535,2003-05-10,2003
1779,14932,2003-05-17,2003
1780,12180,2003-05-23,2003
1781,16304,2003-05-30,2003
1782,14384,2003-05-30,2003
1783,10326,2003-05-31,2003
1784,15318,2003-06-08,2003
1785,14410,2003-06-09,2003
1786,10890,2003-06-17,2003
1787,16308,2003-06-26,2003
1788,18539,2003-07-02,2003
1789,17348,2003-07-10,2003
1790,15791,2003-07-16,2003
1791,19381,2003-07-26,2003
1792,11752,2003-07-30,2003
1793,16675,2003-07-31,2003
1794,11992,2003-08-29,2003
1795,16463,2003-09-12,2003
1796,11038,2003-09-22,2003
1797,14933,2003-10-26,2003
1798,17349,2004-01-14,2004
1799,19382,2004-01-14,2004
1800,14999,2004-01-20,2004
1801,16275,2004-01-29,2004
1802,13838,2004-02-12,2004
1803,20174,2004-02-16,2004
1804,15332,2004-02-16,2004
1805,20100,2004-02-17,2004
1806,18661,2004-02-25,2004
1807,12347,2004-03-03,2004
1808,17003,2004-03-05,2004
1809,15179,2004-03-15,2004
1810,14752,2004-03-19,2004
1811,10937,2004-03-31,2004
1812,16540,2004-04-02,2004
1813,18536,2004-04-12,2004
1814,15072,2004-04-12,2004
1815,14385,2004-05-02,2004
1816,14083,2004-05-08,2004
1817,16581,2004-05-16,2004
1818,10552,2004-05-26,2004
1819,16570,2004-06-02,2004
1820,16814,2004-06-03,2004
1821,16063,2004-06-08,2004
1822,15529,2004-06-22,2004
1823,14414,2004-06-24,2004
1824,16276,2004-07-03,2004
1825,19766,2004-07-04,2004
1826,11377,2004-07-16,2004
1827,19887,2004-07-19,2004
1828,18830,2004-07-20,2004
1829,13145,2004-07-29,2004
1830,12181,2004-08-05,2004
1831,15479,2004-08-05,2004
1832,17810,2004-09-01,2004
1833,13846,2004-09-07,2004
1834,19481,2004-09-15,2004
1835,15319,2004-09-16,2004
1836,20560,2004-10-01,2004
1837,16226,2004-10-01,2004
1838,16436,2004-10-18,2004
1839,16947,2004-10-23,2004
1840,14934,2004-10-24,2004
1841,12842,2004-11-01,2004
1842,10938,2004-11-05,2004
1843,11447,2004-11-07,2004
1844,15000,2004-11-24,2004
1845,18275,2004-11-30,2004
1846,10891,2004-12-03,2004
1847,20175,2005-01-04,2005
1848,10556,2005-01-09,2005
1849,19482,2005-01-20,2005
1850,16749,2005-01-25,2005
1851,15099,2005-01-25,2005
1852,18877,2005-01-29,2005
1853,15320,2005-01-30,2005
1854,16277,2005-02-06,2005
1855,14386,2005-02-17,2005
1856,19767,2005-02-23,2005
1857,14721,2005-03-02,2005
1858,11040,2005-03-04,2005
1859,18857,2005-03-12,2005
1860,19817,2005-03-13,2005
1861,15073,2005-03-27,2005
1862,15496,2005-04-12,2005
1863,18276,2005-04-12,2005
1864,17350,2005-04-14,2005
1865,12348,2005-04-15,2005
1866,14205,2005-04-16,2005
1867,16437,2005-04-19,2005
1868,15001,2005-04-19,2005
1869,11877,2005-05-04,2005
1870,11676,2005-05-13,2005
1871,15386,2005-05-26,2005
1872,10768,2005-06-16,2005
1873,18467,2005-07-02,2005
1874,14399,2005-07-12,2005
1875,11073,2005-07-28,2005
1876,10346,2005-08-16,2005
1877,16815,2005-08-17,2005
1878,20176,2005-09-07,2005
1879,13942,2005-09-26,2005
1880,14388,2005-10-04,2005
1881,15007,2005-10-16,2005
1882,11713,2005-10-22,2005
1883,15321,2005-10-27,2005
1884,10892,2005-11-13,2005
1885,11378,2005-11-24,2005
1886,14206,2005-11-24,2005
1887,15237,2005-11-27,2005
1888,19383,2005-11-29,2005
1889,20273,2005-12-09,2005
1890,13847,2005-12-16,2005
1891,20947,2005-12-22,2005
1892,16433,2005-12-26,2005
1893,19818,2006-02-06,2006
1894,15209,2006-02-11,2006
1895,18277,2006-02-17,2006
1896,16816,2006-02-21,2006
1897,15074,2006-03-01,2006
1898,20177,2006-03-03,2006
1899,22213,2006-03-09,2006
1900,14412,2006-03-11,2006
1901,15923,2006-03-16,2006
1902,14702,2006-03-17,2006
1903,18537,2006-03-20,2006
1904,16770,2006-03-21,2006
1905,18704,2006-03-21,2006
1906,11189,2006-03-24,2006
1907,11791,2006-03-25,2006
1908,19384,2006-04-16,2006
1909,11878,2006-04-18,2006
1910,14207,2006-05-28,2006
1911,16638,2006-06-03,2006
1912,16541,2006-07-03,2006
1913,16817,2006-07-13,2006
1914,13848,2006-07-14,2006
1915,14389,2006-07-20,2006
1916,11041,2006-08-04,2006
1917,10939,2006-08-04,2006
1918,14771,2006-08-07,2006
1919,15002,2006-08-09,2006
1920,15100,2006-08-11,2006
1921,18278,2006-08-23,2006
1922,11074,2006-09-01,2006
1923,15497,2006-09-10,2006
1924,20250,2006-09-17,2006
1925,11190,2006-09-25,2006
1926,15574,2006-09-25,2006
1927,14668,2006-10-04,2006
1928,16771,2006-10-10,2006
1929,14976,2006-10-17,2006
1930,15296,2006-11-08,2006
1931,19768,2006-11-25,2006
1932,14084,2006-11-27,2006
1933,18522,2006-12-04,2006
1934,10940,2006-12-11,2006
1935,14722,2006-12-12,2006
1936,16434,2006-12-14,2006
1937,14208,2007-01-12,2007
1938,16353,2007-01-17,2007
1939,11075,2007-02-09,2007
1940,19483,2007-02-15,2007
1941,11312,2007-02-19,2007
1942,18858,2007-03-04,2007
1943,11448,2007-03-15,2007
1944,15498,2007-03-19,2007
1945,13849,2007-03-19,2007
1946,20962,2007-03-24,2007
1947,15180,2007-04-02,2007
1948,15322,2007-04-21,2007
1949,15075,2007-05-01,2007
1950,19385,2007-05-10,2007
1951,14977,2007-05-19,2007
1952,12076,2007-05-26,2007
1953,13828,2007-06-16,2007
1954,16438,2007-06-16,2007
1955,19825,2007-06-17,2007
1956,16595,2007-07-08,2007
1957,16165,2007-07-26,2007
1958,13943,2007-08-12,2007
1959,20153,2007-08-15,2007
1960,18859,2007-08-19,2007
1961,15029,2007-08-28,2007
1962,15531,2007-09-09,2007
1963,14669,2007-09-25,2007
1964,13923,2007-09-30,2007
1965,11379,2007-10-04,2007
1966,15958,2007-10-16,2007
1967,15626,2007-10-23,2007
1968,10942,2007-10-28,2007
1969,10893,2007-11-08,2007
1970,11076,2007-11-24,2007
1971,18538,2007-11-27,2007
1972,15499,2007-11-27,2007
1973,12077,2008-01-01,2008
1974,11313,2008-01-02,2008
1975,18279,2008-01-07,2008
1976,11191,2008-01-13,2008
1977,14723,2008-02-08,2008
1978,17351,2008-02-17,2008
1979,20178,2008-02-22,2008
1980,15008,2008-03-11,2008
1981,15532,2008-03-24,2008
1982,16582,2008-04-05,2008
1983,16278,2008-04-15,2008
1984,11042,2008-04-29,2008
1985,12271,2008-05-02,2008
1986,18280,2008-05-08,2008
1987,13852,2008-05-13,2008
1988,15387,2008-05-13,2008
1989,15297,2008-05-23,2008
1990,11720,2008-05-29,2008
1991,16439,2008-06-06,2008
1992,16166,2008-06-12,2008
1993,10894,2008-06-22,2008
1994,14676,2008-07-02,2008
1995,10943,2008-07-05,2008
1996,19386,2008-07-11,2008
1997,19852,2008-07-12,2008
1998,15009,2008-07-13,2008
1999,11449,2008-07-27,2008
2000,18860,2008-07-29,2008
2001,11077,2008-07-30,2008
2002,19745,2008-08-07,2008
2003,17811,2008-08-10,2008
2004,16818,2008-08-10,2008
2005,17163,2008-08-22,2008
2006,15210,2008-09-19,2008
2007,14390,2008-09-21,2008
2008,19484,2008-10-08,2008
2009,11380,2008-10-21,2008
2010,11314,2008-10-26,2008
2011,12182,2008-10-26,2008
2012,13927,2008-11-03,2008
2013,14800,2008-11-16,2008
2014,14799,2008-11-16,2008
2015,18707,2008-11-18,2008
2016,10895,2008-11-21,2008
2017,16543,2008-11-29,2008
2018,19045,2008-12-23,2008
2019,15575,2009-01-01,2009
2020,19826,2009-01-02,2009
2021,11192,2009-01-12,2009
2022,15792,2009-01-15,2009
2023,17812,2009-01-21,2009
2024,12183,2009-01-29,2009
2025,18878,2009-02-11,2009
2026,20391,2009-03-15,2009
2027,14733,2009-03-17,2009
2028,15633,2009-03-25,2009
2029,18281,2009-04-01,2009
2030,15533,2009-04-01,2009
2031,11677,2009-04-10,2009
2032,15765,2009-04-21,2009
2033,16227,2009-05-02,2009
2034,22197,2009-05-04,2009
2035,18819,2009-06-11,2009
2036,19827,2009-06-25,2009
2037,13944,2009-06-28,2009
2038,19485,2009-08-01,2009
2039,10896,2009-09-06,2009
2040,16819,2009-09-15,2009
2041,15003,2009-09-16,2009
2042,15793,2009-09-27,2009
2043,15231,2009-09-27,2009
2044,19828,2009-10-02,2009
2045,14391,2009-11-05,2009
2046,11193,2009-11-16,2009
2047,12184,2009-11-22,2009
2048,11080,2009-12-11,2009
2049,19387,2009-12-17,2009
2050,11644,2010-01-01,2010
2051,14085,2010-01-02,2010
2052,11247,2010-01-05,2010
2053,22218,2010-01-05,2010
2054,18469,2010-02-03,2010
2055,12563,2010-03-20,2010
2056,17165,2010-03-30,2010
2057,13853,2010-04-08,2010
2058,18282,2010-04-11,2010
2059,18524,2010-05-03,2010
2060,19388,2010-05-21,2010
2061,15077,2010-05-26,2010
2062,18529,2010-05-27,2010
2063,19819,2010-05-30,2010
2064,19026,2010-06-06,2010
2065,10897,2010-06-09,2010
2066,18833,2010-06-30,2010
2067,18879,2010-07-02,2010
2068,15101,2010-07-23,2010
2069,16544,2010-08-06,2010
2070,14935,2010-08-10,2010
2071,11381,2010-08-25,2010
2072,13854,2010-08-25,2010
2073,15404,2010-08-27,2010
2074,11947,2010-09-06,2010
2075,15388,2010-09-17,2010
2076,14392,2010-10-14,2010
2077,15634,2010-10-25,2010
2078,15925,2010-10-26,2010
2079,16772,2010-11-06,2010
2080,19264,2010-11-11,2010
2081,11645,2010-11-22,2010
2082,16064,2010-11-26,2010
2083,20939,2011-01-04,2011
2084,20829,2011-01-14,2011
2085,20782,2011-01-19,2011
2086,20808,2011-02-17,2011
2087,20792,2011-02-22,2011
2088,20823,2011-03-07,2011
2089,20775,2011-03-11,2011
2090,20810,2011-03-29,2011
2091,20783,2011-03-30,2011
2092,20921,2011-04-06,2011
2093,22214,2011-04-20,2011
2094,20803,2011-04-23,2011
2095,22219,2011-05-13,2011
2096,20753,2011-05-15,2011
2097,20767,2011-05-21,2011
2098,20752,2011-06-04,2011
2099,20809,2011-06-04,2011
2100,22234,2011-06-06,2011
2101,20800,2011-06-13,2011
2102,20790,2011-06-22,2011
2103,20793,2011-06-26,2011
2104,20820,2011-07-03,2011
2105,20758,2011-07-19,2011
2106,20787,2011-07-31,2011
2107,20795,2011-08-03,2011
2108,10898,2011-08-21,2011
2109,20812,2011-08-22,2011
2110,20938,2011-09-17,2011
2111,20769,2011-10-10,2011
2112,20770,2011-10-26,2011
2113,20801,2011-11-06,2011
2114,22215,2011-11-27,2011
2115,20765,2011-12-05,2011
2116,22217,2011-12-15,2011
2117,20840,2011-12-18,2011
2118,20791,2012-01-02,2012
2119,20830,2012-01-12,2012
2120,20778,2012-02-01,2012
2121,20772,2012-02-10,2012
2122,20774,2012-02-18,2012
2123,20813,2012-02-19,2012
2124,20814,2012-02-22,2012
2125,20796,2012-03-01,2012
2126,22143,2012-04-30,2012
2127,20805,2012-05-03,2012
2128,20833,2012-05-07,2012
2129,20819,2012-05-08,2012
2130,20764,2012-05-13,2012
2131,20776,2012-05-14,2012
2132,20748,2012-07-17,2012
2133,20799,2012-08-03,2012
2134,20826,2012-08-06,2012
2135,20839,2012-08-07,2012
2136,20761,2012-08-16,2012
2137,20821,2012-08-26,2012
2138,20785,2012-09-01,2012
2139,20768,2012-09-05,2012
2140,20815,2012-09-08,2012
2141,20766,2012-09-15,2012
2142,20794,2012-09-15,2012
2143,20797,2012-09-26,2012
2144,20750,2012-10-05,2012
2145,20806,2012-10-08,2012
2146,22161,2012-10-17,2012
2147,20804,2012-10-30,2012
2148,20834,2012-11-06,2012
2149,20756,2012-11-11,2012
2150,20827,2012-11-21,2012
2151,20825,2012-11-27,2012
2152,20788,2012-12-01,2012
2153,20760,2012-12-22,2012
2154,20816,2012-12-26,2012
2155,20759,2013-01-06,2013
2156,20811,2013-01-19,2013
2157,22235,2013-01-25,2013
2158,20779,2013-01-29,2013
2159,21102,2013-02-13,2013
2160,20754,2013-02-16,2013
2161,20762,2013-02-16,2013
2162,20822,2013-02-21,2013
2163,20802,2013-03-05,2013
2164,20789,2013-04-02,2013
2165,20798,2013-05-07,2013
2166,20807,2013-05-13,2013
2167,20831,2013-05-21,2013
2168,22216,2013-06-02,2013
2169,22220,2013-06-04,2013
2170,20781,2013-06-04,2013
2171,20817,2013-06-07,2013
2172,20757,2013-06-11,2013
2173,20836,2013-06-13,2013
2174,20835,2013-07-08,2013
2175,20838,2013-07-25,2013
2176,20786,2013-08-15,2013
2177,20912,2013-08-20,2013
2178,20832,2013-09-01,2013
2179,20841,2013-09-03,2013
2180,20818,2013-09-15,2013
2181,22195,2013-09-25,2013
2182,21068,2013-09-28,2013
2183,20987,2013-10-05,2013
2184,20918,2013-10-12,2013
2185,20907,2013-10-23,2013
2186,20842,2013-11-18,2013
2187,20916,2013-11-20,2013
2188,20906,2013-12-29,2013
2189,20935,2014-01-13,2014
2190,20937,2014-01-28,2014
2191,20920,2014-01-29,2014
2192,20931,2014-02-03,2014
2193,20941,2014-02-04,2014
2194,20913,2014-02-09,2014
2195,20934,2014-02-13,2014
2196,20933,2014-03-08,2014
2197,20892,2014-03-09,2014
2198,20910,2014-03-26,2014
2199,20932,2014-03-31,2014
2200,22221,2014-04-01,2014
2201,20936,2014-04-24,2014
2202,20942,2014-05-30,2014
2203,20911,2014-05-30,2014
2204,20909,2014-05-31,2014
2205,20908,2014-06-06,2014
2206,20914,2014-06-08,2014
2207,20919,2014-06-21,2014
2208,20956,2014-06-29,2014
2209,20954,2014-07-04,2014
2210,20957,2014-07-07,2014
2211,22267,2014-07-20,2014
2212,20952,2014-08-03,2014
2213,20959,2014-08-12,2014
2214,22222,2014-08-25,2014
2215,20955,2014-08-29,2014
2216,20960,2014-08-30,2014
2217,20961,2014-09-17,2014
2218,20964,2014-09-27,2014
2219,20974,2014-10-29,2014
2220,20975,2014-11-12,2014
2221,22271,2014-11-12,2014
2222,20995,2014-11-18,2014
2223,22223,2014-11-21,2014
2224,20977,2014-11-23,2014
2225,20996,2014-12-02,2014
2226,20989,2014-12-18,2014
2227,20983,2014-12-19,2014
2228,20992,2015-01-01,2015
2229,20988,2015-01-06,2015
2230,22236,2015-01-19,2015
2231,20994,2015-01-26,2015
2232,21070,2015-02-01,2015
2233,20982,2015-02-04,2015
2234,20990,2015-02-16,2015
2235,22268,2015-03-05,2015
2236,20998,2015-03-08,2015
2237,21076,2015-04-22,2015
2238,21092,2015-04-23,2015
2239,21072,2015-05-01,2015
2240,21074,2015-05-07,2015
2241,21071,2015-05-20,2015
2242,21075,2015-05-25,2015
2243,21073,2015-05-29,2015
2244,22157,2015-06-07,2015
2245,22132,2015-06-16,2015
2246,21081,2015-06-16,2015
2247,22304,2015-06-20,2015
2248,21089,2015-06-28,2015
2249,21080,2015-06-29,2015
2250,21086,2015-07-07,2015
2251,21087,2015-07-16,2015
2252,21090,2015-07-23,2015
2253,22233,2015-08-13,2015
2254,21088,2015-08-14,2015
2255,21095,2015-08-28,2015
2256,21093,2015-08-30,2015
2257,21098,2015-09-18,2015
2258,21097,2015-09-23,2015
2259,21096,2015-09-29,2015
2260,22108,2015-10-03,2015
2261,22104,2015-10-25,2015
2262,22110,2015-10-30,2015
2263,22103,2015-11-12,2015
2264,22111,2015-11-14,2015
2265,22106,2015-11-24,2015
2266,22107,2015-12-01,2015
2267,22105,2016-01-02,2016
2268,22119,2016-01-08,2016
2269,22117,2016-01-12,2016
2270,22114,2016-02-22,2016
2271,22237,2016-03-25,2016
2272,22129,2016-03-27,2016
2273,22127,2016-03-29,2016
2274,22159,2016-03-30,2016
2275,22125,2016-03-31,2016
2276,22123,2016-04-02,2016
2277,22128,2016-04-16,2016
2278,22130,2016-04-22,2016
2279,22133,2016-04-24,2016
2280,22121,2016-04-27,2016
2281,22144,2016-05-26,2016
2282,22156,2016-06-05,2016
2283,22151,2016-06-10,2016
2284,22154,2016-06-18,2016
2285,22153,2016-07-27,2016
2286,22149,2016-08-01,2016
2287,22150,2016-08-03,2016
2288,22145,2016-09-11,2016
2289,22147,2016-09-13,2016
2290,22181,2016-09-13,2016
2291,22305,2016-09-21,2016
2292,22178,2016-10-05,2016
2293,22174,2016-10-07,2016
2294,22171,2016-10-11,2016
2295,22176,2016-10-20,2016
2296,22158,2016-11-06,2016
2297,22172,2016-11-15,2016
2298,22177,2016-11-20,2016
2299,22202,2016-11-27,2016
2300,22175,2016-11-29,2016
2301,22182,2016-12-20,2016
2302,22192,2017-01-07,2017
2303,22187,2017-01-15,2017
2304,22185,2017-01-23,2017
2305,22184,2017-01-31,2017
2306,22269,2017-02-18,2017
2307,22188,2017-02-19,2017
2308,22198,2017-03-24,2017
2309,22203,2017-03-25,2017
2310,22260,2017-03-29,2017
2311,22284,2017-04-09,2017
2312,22209,2017-04-12,2017
2313,22207,2017-04-18,2017
2314,22227,2017-04-30,2017
2315,22208,2017-05-23,2017
2316,22232,2017-06-04,2017
2317,22226,2017-06-04,2017
2318,22230,2017-06-04,2017
2319,22229,2017-06-05,2017
2320,22225,2017-06-11,2017
2321,22224,2017-07-14,2017
2322,22228,2017-07-15,2017
2323,22231,2017-07-20,2017
2324,22273,2017-08-13,2017
2325,22252,2017-08-18,2017
2326,22245,2017-09-04,2017
2327,22240,2017-09-06,2017
2328,22242,2017-10-11,2017
2329,22308,2017-10-12,2017
2330,22239,2017-10-21,2017
2331,22248,2017-11-09,2017
2332,22241,2017-11-21,2017
2333,22249,2017-12-09,2017
2334,22246,2018-01-05,2018
2335,22250,2018-01-13,2018
2336,22251,2018-01-14,2018
2337,22258,2018-01-23,2018
2338,22256,2018-02-02,2018
2339,22259,2018-02-25,2018
2340,22257,2018-03-01,2018
2341,22263,2018-04-01,2018
2342,22261,2018-04-03,2018
2343,22315,2018-04-18,2018
2344,22274,2018-04-21,2018
2345,22266,2018-04-22,2018
2346,22262,2018-04-27,2018
2347,22265,2018-04-28,2018
2348,22264,2018-05-11,2018
2349,22285,2018-06-08,2018
2350,22276,2018-06-10,2018
2351,22278,2018-06-16,2018
2352,22275,2018-06-18,2018
2353,22277,2018-06-21,2018
2354,22279,2018-06-26,2018
2355,22337,2018-07-03,2018
2356,22280,2018-07-12,2018
2357,22282,2018-07-28,2018
2358,22283,2018-08-08,2018
2359,22281,2018-08-20,2018
2360,22290,2018-09-04,2018
2361,22288,2018-09-08,2018
2362,22289,2018-09-08,2018
2363,22286,2018-09-21,2018
2364,22292,2018-09-25,2018
2365,22293,2018-10-02,2018
2366,22295,2018-10-04,2018
2367,22296,2018-10-21,2018
2368,22297,2018-11-07,2018
2369,22294,2018-11-25,2018
2370,22313,2018-12-08,2018
2371,22316,2019-02-06,2019
2372,22303,2019-02-07,2019
2373,22309,2019-02-16,2019
2374,22306,2019-02-18,2019
2375,22307,2019-02-18,2019
2376,22311,2019-03-04,2019
2377,22312,2019-03-26,2019
2378,22310,2019-04-09,2019
2379,22317,2019-04-16,2019
2380,22323,2019-05-11,2019
2381,22320,2019-05-16,2019
2382,22322,2019-06-01,2019
2383,22318,2019-06-11,2019
2384,22321,2019-06-22,2019
2385,22324,2019-06-24,2019
2386,22319,2019-06-26,2019
2387,22328,2019-07-16,2019
2388,22329,2019-07-23,2019
2389,22330,2019-07-23,2019
2390,22325,2019-07-26,2019
2391,22336,2019-08-02,2019
2392,22326,2019-08-07,2019
2393,22334,2019-10-13,2019
2394,22335,2019-10-24,2019
2395,22339,2019-11-02,2019
2396,22340,2019-12-05,2019
2397,22341,2019-12-07,2019
2398,22338,2019-12-09,2019
