,Eruption Number,dt
0,15105,1951-01-17
1,18626,1951-01-29
2,15758,1951-02-11
3,18087,1951-02-16
4,15729,1951-03-01
5,14629,1951-03-19
6,20080,1951-04-16
7,17323,1951-05-04
8,14589,1951-05-16
9,10374,1951-05-22
10,19632,1951-05-27
11,13136,1951-06-12
12,14523,1951-06-16
13,15759,1951-06-26
14,11725,1951-07-02
15,16591,1951-07-02
16,16445,1951-07-02
17,16320,1951-07-02
18,18757,1951-07-15
19,18431,1951-07-15
20,10923,1951-07-15
21,11059,1951-07-16
22,20209,1951-07-22
23,10342,1951-07-23
24,14058,1951-07-25
25,18627,1951-07-28
26,18492,1951-08-16
27,14782,1951-08-21
28,15955,1951-08-31
29,14349,1951-09-10
30,13787,1951-09-21
31,20133,1951-10-16
32,20019,1951-10-16
33,15198,1951-10-23
34,16344,1951-11-12
35,11857,1951-11-16
36,14059,1951-11-16
37,19443,1951-11-19
38,15151,1951-12-01
39,16336,1951-12-15
40,19986,1951-12-20
41,18772,1952-01-15
42,15512,1952-01-16
43,19684,1952-01-17
44,14199,1952-02-10
45,16519,1952-02-16
46,15128,1952-02-29
47,16876,1952-03-16
48,11165,1952-03-23
49,16345,1952-03-24
50,15546,1952-04-01
51,15152,1952-04-16
52,16172,1952-04-22
53,14350,1952-05-19
54,17798,1952-06-07
55,10088,1952-06-27
56,16468,1952-07-02
57,15676,1952-07-04
58,16592,1952-07-16
59,14630,1952-07-16
60,17864,1952-07-16
61,10379,1952-08-01
62,15263,1952-08-10
63,15961,1952-08-15
64,18651,1952-08-17
65,18316,1952-09-16
66,15339,1952-10-03
67,15602,1952-10-10
68,10972,1952-10-23
69,18493,1952-10-26
70,18844,1952-11-05
71,17623,1952-11-12
72,19177,1952-11-16
73,14592,1952-11-29
74,17640,1952-12-05
75,16136,1953-01-31
76,15340,1953-02-12
77,15325,1953-02-12
78,20226,1953-02-15
79,20210,1953-02-17
80,15908,1953-03-02
81,14351,1953-03-13
82,15603,1953-03-17
83,16242,1953-03-19
84,15782,1953-03-24
85,10717,1953-04-09
86,14917,1953-04-16
87,17325,1953-04-27
88,14959,1953-05-08
89,15264,1953-05-16
90,19444,1953-06-07
91,16359,1953-06-16
92,15129,1953-06-16
93,14858,1953-06-27
94,11694,1953-07-02
95,16520,1953-07-02
96,19178,1953-07-02
97,18398,1953-07-02
98,20020,1953-07-02
99,20397,1953-07-09
100,15760,1953-08-16
101,14403,1953-08-20
102,11708,1953-08-27
103,15524,1953-09-04
104,18628,1953-09-14
105,15604,1953-09-21
106,20081,1953-10-04
107,18225,1953-10-05
108,16221,1953-10-15
109,17883,1953-10-24
110,12459,1953-10-30
111,13595,1953-11-16
112,20134,1953-11-25
113,17326,1953-12-16
114,17799,1953-12-27
115,14593,1953-12-28
116,18689,1954-01-07
117,12835,1954-01-15
118,14352,1954-01-16
119,10955,1954-02-16
120,14060,1954-02-21
121,19306,1954-02-21
122,14404,1954-04-13
123,16243,1954-04-26
124,18629,1954-05-02
125,14594,1954-05-13
126,14918,1954-05-16
127,14985,1954-05-18
128,17327,1954-05-26
129,19445,1954-05-28
130,10089,1954-05-31
131,11858,1954-06-16
132,14130,1954-06-28
133,16935,1954-07-02
134,15265,1954-07-02
135,14016,1954-07-26
136,14886,1954-08-03
137,18813,1954-08-16
138,15460,1954-08-16
139,18652,1954-09-16
140,15359,1954-10-16
141,10856,1954-10-21
142,10973,1954-10-29
143,18317,1954-11-04
144,16244,1954-11-04
145,11709,1954-11-09
146,18630,1954-11-19
147,15783,1954-12-06
148,19307,1955-01-07
149,14475,1955-01-16
150,16137,1955-01-18
151,14017,1955-01-19
152,15605,1955-02-11
153,14986,1955-02-15
154,10090,1955-02-28
155,13789,1955-04-05
156,14987,1955-06-01
157,14960,1955-06-05
158,18318,1955-06-25
159,13105,1955-07-02
160,11440,1955-07-02
161,18827,1955-07-02
162,19179,1955-07-02
163,16245,1955-07-02
164,15266,1955-07-02
165,14353,1955-07-06
166,20082,1955-07-16
167,17328,1955-07-25
168,10718,1955-07-26
169,12188,1955-07-27
170,19308,1955-10-06
171,17088,1955-10-13
172,12061,1955-10-22
173,19336,1955-10-22
174,15761,1955-11-12
175,18690,1955-11-19
176,13529,1955-12-29
177,18226,1956-01-03
178,17329,1956-01-03
179,13210,1956-01-11
180,14595,1956-01-11
181,19446,1956-01-16
182,16138,1956-02-13
183,20166,1956-03-16
184,19180,1956-03-16
185,18691,1956-03-18
186,15547,1956-03-22
187,14988,1956-03-25
188,15664,1956-04-28
189,10343,1956-05-16
190,14200,1956-06-01
191,15784,1956-06-02
192,15839,1956-06-16
193,18653,1956-06-16
194,15130,1956-07-02
195,11337,1956-07-02
196,15360,1956-07-02
197,13839,1956-08-16
198,20227,1956-09-08
199,19309,1956-09-28
200,12159,1956-10-03
201,12367,1956-10-19
202,16936,1956-11-16
203,14061,1956-11-17
204,14631,1956-11-18
205,14919,1956-12-08
206,16246,1956-12-16
207,19044,1956-12-16
208,13840,1956-12-21
209,19136,1956-12-27
210,15677,1957-01-16
211,13790,1957-02-05
212,15153,1957-02-08
213,13397,1957-02-08
214,10719,1957-02-19
215,18692,1957-02-26
216,15665,1957-03-13
217,11060,1957-03-27
218,18408,1957-03-28
219,13841,1957-04-12
220,18319,1957-05-02
221,10465,1957-05-14
222,18848,1957-05-16
223,14783,1957-06-16
224,18088,1957-07-02
225,19447,1957-07-02
226,11710,1957-07-02
227,16247,1957-07-02
228,20228,1957-07-02
229,11338,1957-07-02
230,19337,1957-07-31
231,14110,1957-08-01
232,18228,1957-08-16
233,13791,1957-08-25
234,15267,1957-08-26
235,14354,1957-09-02
236,10956,1957-09-04
237,12986,1957-09-27
238,13842,1957-10-16
239,18802,1957-10-16
240,14887,1957-10-26
241,13917,1957-11-12
242,14476,1957-12-11
243,14064,1957-12-28
244,20739,1958-01-16
245,19338,1958-01-16
246,15047,1958-02-01
247,14018,1958-02-06
248,16446,1958-02-19
249,18693,1958-02-23
250,14888,1958-03-11
251,18229,1958-04-17
252,13398,1958-04-17
253,14989,1958-04-21
254,20135,1958-05-17
255,19448,1958-05-18
256,19339,1958-05-21
257,18849,1958-05-26
258,14355,1958-05-30
259,15461,1958-06-23
260,11166,1958-07-02
261,18320,1958-07-02
262,18764,1958-07-02
263,16248,1958-07-02
264,14671,1958-07-09
265,16469,1958-07-12
266,19310,1958-07-13
267,14065,1958-08-07
268,19846,1958-08-14
269,14889,1958-09-05
270,13399,1958-09-13
271,11663,1958-09-16
272,15327,1958-09-16
273,15606,1958-10-02
274,17801,1958-10-03
275,18655,1958-10-04
276,15341,1958-10-07
277,15462,1958-10-17
278,14596,1958-11-05
279,12160,1958-11-06
280,11441,1958-11-16
281,13792,1958-11-16
282,15268,1958-11-18
283,15154,1958-11-21
284,14477,1958-12-16
285,19340,1958-12-28
286,17841,1958-12-31
287,14750,1958-12-31
288,19449,1959-01-03
289,18230,1959-01-16
290,14131,1959-01-23
291,17159,1959-02-13
292,14356,1959-03-11
293,13793,1959-03-23
294,10349,1959-03-26
295,14890,1959-04-02
296,15269,1959-04-16
297,18694,1959-05-15
298,14632,1959-05-21
299,14597,1959-06-01
300,16918,1959-06-08
301,14920,1959-06-16
302,11726,1959-06-29
303,11921,1959-07-02
304,12902,1959-07-02
305,15131,1959-07-02
306,19137,1959-07-02
307,19311,1959-07-02
308,18321,1959-07-02
309,11820,1959-07-15
310,18442,1959-07-15
311,13843,1959-07-16
312,18656,1959-08-15
313,15342,1959-09-18
314,19341,1959-10-15
315,10350,1959-10-16
316,18231,1959-10-16
317,13795,1959-10-17
318,11941,1959-11-06
319,20661,1959-11-14
320,11859,1959-11-16
321,14478,1959-12-14
322,15607,1959-12-16
323,14921,1959-12-16
324,12318,1959-12-28
325,14357,1960-01-11
326,10091,1960-01-13
327,13934,1960-01-16
328,13844,1960-01-16
329,16360,1960-03-13
330,14019,1960-03-16
331,13999,1960-04-13
332,19181,1960-04-16
333,14891,1960-04-28
334,12215,1960-05-24
335,11442,1960-06-16
336,12006,1960-07-02
337,11922,1960-07-02
338,20136,1960-07-02
339,16937,1960-07-02
340,15304,1960-07-10
341,11942,1960-07-10
342,10351,1960-07-15
343,15328,1960-07-16
344,15513,1960-07-16
345,18322,1960-07-21
346,15048,1960-07-29
347,18814,1960-08-30
348,13845,1960-09-16
349,18695,1960-09-16
350,15270,1960-09-17
351,18795,1960-09-27
352,10957,1960-09-28
353,17884,1960-10-10
354,19847,1960-10-15
355,18784,1960-10-20
356,11821,1960-12-02
357,11840,1960-12-02
358,19450,1960-12-16
359,18971,1960-12-16
360,13400,1960-12-16
361,14990,1960-12-19
362,19023,1961-01-16
363,12262,1961-02-01
364,10092,1961-02-24
365,16521,1961-02-28
366,10093,1961-03-03
367,10760,1961-03-11
368,11664,1961-03-21
369,19312,1961-03-24
370,19143,1961-03-25
371,15155,1961-03-28
372,14358,1961-04-05
373,15913,1961-04-11
374,18850,1961-05-02
375,11536,1961-05-05
376,16447,1961-05-19
377,19342,1961-05-21
378,20229,1961-06-30
379,10466,1961-07-02
380,12162,1961-07-02
381,12007,1961-07-02
382,10094,1961-07-10
383,14922,1961-07-16
384,15678,1961-07-16
385,15132,1961-07-26
386,18657,1961-08-14
387,15271,1961-08-15
388,17802,1961-08-18
389,10095,1961-09-22
390,16522,1961-10-09
391,13147,1961-10-10
392,12319,1961-10-16
393,19343,1961-10-18
394,10958,1961-10-25
395,12919,1961-10-26
396,15156,1962-01-16
397,18233,1962-01-16
398,11943,1962-01-16
399,10924,1962-01-16
400,19663,1962-01-24
401,16523,1962-01-29
402,15133,1962-02-15
403,13232,1962-03-05
404,17543,1962-03-14
405,14991,1962-03-16
406,10959,1962-03-21
407,16448,1962-04-16
408,14923,1962-04-16
409,18696,1962-04-28
410,14598,1962-05-24
411,20230,1962-06-09
412,11062,1962-06-16
413,17523,1962-06-17
414,18658,1962-06-29
415,15305,1962-07-16
416,15217,1962-07-16
417,10720,1962-08-04
418,19313,1962-08-16
419,18271,1962-08-24
420,19344,1962-10-21
421,20021,1962-11-05
422,10096,1962-12-07
423,14479,1962-12-15
424,16666,1962-12-31
425,14672,1963-01-16
426,19787,1963-02-13
427,17544,1963-02-14
428,14924,1963-02-15
429,16210,1963-02-18
430,12163,1963-02-25
431,11688,1963-03-04
432,18869,1963-03-08
433,11228,1963-03-13
434,10960,1963-03-16
435,15049,1963-03-17
436,20231,1963-04-01
437,11711,1963-04-13
438,17330,1963-04-21
439,11063,1963-05-09
440,19345,1963-05-16
441,11167,1963-05-23
442,10467,1963-07-02
443,15489,1963-07-02
444,15306,1963-07-07
445,17545,1963-07-10
446,15514,1963-07-16
447,10097,1963-08-21
448,15272,1963-08-30
449,16194,1963-09-05
450,15218,1963-09-15
451,10721,1963-09-28
452,10098,1963-10-05
453,20270,1963-10-11
454,20232,1963-10-17
455,14359,1963-11-07
456,12557,1963-11-08
457,17331,1963-11-10
458,19451,1963-11-13
459,20616,1963-11-16
460,17886,1963-11-20
461,14925,1963-11-26
462,15157,1963-12-14
463,16449,1963-12-17
464,20083,1963-12-28
465,16267,1963-12-31
466,16249,1964-01-29
467,18851,1964-02-01
468,16361,1964-02-08
469,15570,1964-02-14
470,15273,1964-02-16
471,12164,1964-03-02
472,20043,1964-03-10
473,19314,1964-03-16
474,16381,1964-03-16
475,19664,1964-03-18
476,15134,1964-04-24
477,14360,1964-04-30
478,17332,1964-05-14
479,20233,1964-05-31
480,18697,1964-06-18
481,19346,1964-06-25
482,12063,1964-07-02
483,10352,1964-07-02
484,15515,1964-07-08
485,14111,1964-08-03
486,17333,1964-10-16
487,10857,1964-10-23
488,19579,1964-11-12
489,14700,1964-11-19
490,14992,1964-12-04
491,15785,1964-12-13
492,14361,1964-12-21
493,19347,1964-12-25
494,11168,1964-12-25
495,10925,1965-01-16
496,15679,1965-02-16
497,10099,1965-03-05
498,19348,1965-03-09
499,16524,1965-04-05
500,16362,1965-05-07
501,18698,1965-05-15
502,19182,1965-05-15
503,17803,1965-05-23
504,21078,1965-06-14
505,19315,1965-07-02
506,10356,1965-07-02
507,14926,1965-07-02
508,15608,1965-07-02
509,10761,1965-07-04
510,16450,1965-07-10
511,14201,1965-07-12
512,15215,1965-08-09
513,19452,1965-08-16
514,18870,1965-08-16
515,16195,1965-08-18
516,16222,1965-09-16
517,15219,1965-09-27
518,16853,1965-09-28
519,11029,1965-10-10
520,15680,1965-10-16
521,12460,1965-10-24
522,16363,1965-11-02
523,18370,1965-11-13
524,15200,1965-11-23
525,18037,1965-11-25
526,18815,1965-12-09
527,15158,1965-12-11
528,10100,1965-12-24
529,13796,1966-01-10
530,20387,1966-01-24
531,10722,1966-02-07
532,10858,1966-02-22
533,16250,1966-02-28
534,10303,1966-03-09
535,20137,1966-03-15
536,14362,1966-03-15
537,15463,1966-03-16
538,15159,1966-03-19
539,15135,1966-03-20
540,16223,1966-03-28
541,14633,1966-04-04
542,19316,1966-04-15
543,18533,1966-04-21
544,15956,1966-04-26
545,16196,1966-04-28
546,12461,1966-05-05
547,13596,1966-05-21
548,15516,1966-06-09
549,18699,1966-06-15
550,10926,1966-06-16
551,20234,1966-07-02
552,15220,1966-07-02
553,13401,1966-07-02
554,16854,1966-07-05
555,10859,1966-07-16
556,16567,1966-08-12
557,10723,1966-08-12
558,16451,1966-09-24
559,20388,1966-10-07
560,10821,1966-10-28
561,11096,1966-11-06
562,14480,1966-11-13
563,16973,1966-11-22
564,11169,1967-01-01
565,10860,1967-01-05
566,15914,1967-01-12
567,18871,1967-01-16
568,14993,1967-01-19
569,15050,1967-01-22
570,15307,1967-01-27
571,20084,1967-01-28
572,15423,1967-02-18
573,19317,1967-03-16
574,18494,1967-03-27
575,15464,1967-04-16
576,10724,1967-04-22
577,14066,1967-04-23
578,13402,1967-05-07
579,17334,1967-05-16
580,18234,1967-05-16
581,10314,1967-05-29
582,13935,1967-07-02
583,16234,1967-07-02
584,19453,1967-07-02
585,14020,1967-07-08
586,15681,1967-07-16
587,15274,1967-07-16
588,15221,1967-07-16
589,14634,1967-07-22
590,11960,1967-08-09
591,16855,1967-08-16
592,16007,1967-08-31
593,20235,1967-09-05
594,18852,1967-09-06
595,15490,1967-10-10
596,19318,1967-10-16
597,15517,1967-11-02
598,10101,1967-11-05
599,19183,1967-11-16
600,16919,1967-11-25
601,16525,1967-11-29
602,13193,1967-12-04
603,20389,1967-12-06
604,15424,1967-12-11
605,14764,1967-12-11
606,18409,1967-12-23
607,13797,1968-01-07
608,15491,1968-01-14
609,18235,1968-01-19
610,16197,1968-01-23
611,14481,1968-01-27
612,16856,1968-01-31
613,15518,1968-02-03
614,18750,1968-02-16
615,14962,1968-03-16
616,14635,1968-04-06
617,16803,1968-04-21
618,16382,1968-05-07
619,11665,1968-05-21
620,12903,1968-05-23
621,16263,1968-06-03
622,11666,1968-06-11
623,15222,1968-07-02
624,19319,1968-07-02
625,14112,1968-07-02
626,11170,1968-07-02
627,19454,1968-07-03
628,13597,1968-07-16
629,16920,1968-07-18
630,18236,1968-07-28
631,11134,1968-07-29
632,15136,1968-08-16
633,14599,1968-08-18
634,10102,1968-08-22
635,18094,1968-09-16
636,15492,1968-09-16
637,10103,1968-10-07
638,10962,1968-10-23
639,20092,1968-11-13
640,16294,1968-11-28
641,16974,1968-12-21
642,18410,1969-01-12
643,18237,1969-01-19
644,14600,1969-01-21
645,16259,1969-01-27
646,10927,1969-02-11
647,18872,1969-02-16
648,13194,1969-02-21
649,10104,1969-02-22
650,13704,1969-02-27
651,18475,1969-03-11
652,16877,1969-03-21
653,10305,1969-04-22
654,11097,1969-04-22
655,11171,1969-05-03
656,11860,1969-05-16
657,10105,1969-05-24
658,11790,1969-06-16
659,14636,1969-06-22
660,13403,1969-06-23
661,15519,1969-07-02
662,15682,1969-07-20
663,14482,1969-08-16
664,19665,1969-09-11
665,19455,1969-09-16
666,11078,1969-09-20
667,15223,1969-09-22
668,14994,1969-09-29
669,16732,1969-10-10
670,15160,1969-10-28
671,16857,1969-10-29
672,16452,1969-11-27
673,18411,1969-12-01
674,10963,1969-12-19
675,16198,1970-01-05
676,15051,1970-01-15
677,19320,1970-01-16
678,18238,1970-01-26
679,18323,1970-01-29
680,13598,1970-02-16
681,18773,1970-02-16
682,10861,1970-03-30
683,17335,1970-04-21
684,12750,1970-05-05
685,15308,1970-05-09
686,19184,1970-05-11
687,14995,1970-05-20
688,15137,1970-05-21
689,19456,1970-05-26
690,16733,1970-06-05
691,10306,1970-06-21
692,14483,1970-06-30
693,18239,1970-06-30
694,18751,1970-07-02
695,14673,1970-07-02
696,16364,1970-07-02
697,16295,1970-07-02
698,15413,1970-07-02
699,11172,1970-07-16
700,15466,1970-07-26
701,13195,1970-08-12
702,11098,1970-08-14
703,14637,1970-09-16
704,19321,1970-09-16
705,12970,1970-09-18
706,18053,1970-09-18
707,16858,1970-11-09
708,16526,1970-11-27
709,16296,1971-01-16
710,14996,1971-01-26
711,10964,1971-02-03
712,15275,1971-02-03
713,15344,1971-02-22
714,16199,1971-03-11
715,19349,1971-03-16
716,14067,1971-03-24
717,14638,1971-04-03
718,18240,1971-04-05
719,13798,1971-04-05
720,14484,1971-04-09
721,10880,1971-05-03
722,16453,1971-05-11
723,15224,1971-05-12
724,16426,1971-05-19
725,19457,1971-06-16
726,20198,1971-07-16
727,14485,1971-07-19
728,17160,1971-08-05
729,12298,1971-08-12
730,10106,1971-08-14
731,10256,1971-09-06
732,15201,1971-09-06
733,16139,1971-09-14
734,10725,1971-09-14
735,13799,1971-09-19
736,10107,1971-09-24
737,12454,1971-10-04
738,20271,1971-10-07
739,13058,1971-10-26
740,12165,1971-10-29
741,15804,1971-10-29
742,19458,1971-11-16
743,12064,1971-12-01
744,13161,1972-01-03
745,14860,1972-01-08
746,16527,1972-01-16
747,16200,1972-01-19
748,16055,1972-01-26
749,11173,1972-02-09
750,14601,1972-03-19
751,15276,1972-04-15
752,18786,1972-04-29
753,11667,1972-06-04
754,14363,1972-06-09
755,15610,1972-06-10
756,18885,1972-06-18
757,10347,1972-06-29
758,12320,1972-07-02
759,15138,1972-07-02
760,10304,1972-07-04
761,12462,1972-07-05
762,11443,1972-07-16
763,12263,1972-08-26
764,16975,1972-09-02
765,14202,1972-09-08
766,15916,1972-10-06
767,14973,1972-10-09
768,16268,1972-10-22
769,14639,1972-10-22
770,15161,1972-10-24
771,10655,1972-11-12
772,14602,1972-11-22
773,13162,1972-12-16
774,16427,1973-01-06
775,12971,1973-01-15
776,18752,1973-01-16
777,17336,1973-01-16
778,12558,1973-01-23
779,15571,1973-01-24
780,17804,1973-02-01
781,14524,1973-02-22
782,10726,1973-02-23
783,14997,1973-02-24
784,20023,1973-03-16
785,18358,1973-04-12
786,15277,1973-04-15
787,16321,1973-04-16
788,14963,1973-04-16
789,10108,1973-05-05
790,14364,1973-05-10
791,18753,1973-05-16
792,16140,1973-05-16
793,14801,1973-07-10
794,14775,1973-07-11
795,18740,1973-07-14
796,11991,1973-07-16
797,15467,1973-07-24
798,18774,1973-07-25
799,18853,1973-08-10
800,13404,1973-08-16
801,19757,1973-08-25
802,16454,1973-09-15
803,18434,1973-09-27
804,15052,1973-10-04
805,15225,1973-10-09
806,14674,1973-10-15
807,16269,1973-10-27
808,14640,1973-10-31
809,16976,1973-11-05
810,10109,1973-11-10
811,20138,1973-11-12
812,11444,1973-11-16
813,16346,1973-12-05
814,11668,1973-12-09
815,17597,1973-12-18
816,11064,1973-12-24
817,15309,1974-01-16
818,13800,1974-01-30
819,15347,1974-02-04
820,20024,1974-02-11
821,14946,1974-02-14
822,19739,1974-02-19
823,15572,1974-02-26
824,18241,1974-02-28
825,18034,1974-03-01
826,14927,1974-03-04
827,20139,1974-03-12
828,16202,1974-03-12
829,19459,1974-04-08
830,16977,1974-06-03
831,16141,1974-06-15
832,11371,1974-07-02
833,20236,1974-07-15
834,10110,1974-07-19
835,17546,1974-07-28
836,20140,1974-09-01
837,12463,1974-09-05
838,14486,1974-09-08
839,11174,1974-09-11
840,10111,1974-09-19
841,13801,1974-09-29
842,10727,1974-10-10
843,14974,1974-10-17
844,15162,1974-11-12
845,17598,1974-12-24
846,14947,1974-12-30
847,10112,1974-12-31
848,15468,1975-01-16
849,14603,1975-02-12
850,13803,1975-02-24
851,15310,1975-03-06
852,16142,1975-03-16
853,15611,1975-03-27
854,14641,1975-04-24
855,10928,1975-05-16
856,10728,1975-05-28
857,19323,1975-06-28
858,13201,1975-07-02
859,10225,1975-07-05
860,15163,1975-08-16
861,18424,1975-08-25
862,20141,1975-09-13
863,20085,1975-09-13
864,18371,1975-10-02
865,17337,1975-10-16
866,14642,1975-10-17
867,14365,1975-11-04
868,16455,1975-11-16
869,10113,1975-11-29
870,10469,1975-12-11
871,12948,1975-12-20
872,20922,1976-01-01
873,14964,1976-01-02
874,11445,1976-01-04
875,15226,1976-01-15
876,18413,1976-01-16
877,20086,1976-01-16
878,20272,1976-01-22
879,17842,1976-03-02
880,14643,1976-03-06
881,10881,1976-03-09
882,19350,1976-03-25
883,16978,1976-04-02
884,15311,1976-05-01
885,16143,1976-06-07
886,11175,1976-06-21
887,12368,1976-07-08
888,14604,1976-08-23
889,15164,1976-08-24
890,10882,1976-08-29
891,16859,1976-09-03
892,14644,1976-09-12
893,16528,1976-09-15
894,18816,1976-09-23
895,20025,1976-10-15
896,14366,1976-11-02
897,10929,1976-11-03
898,10862,1976-12-02
899,14487,1976-12-18
900,14068,1976-12-23
901,14101,1977-01-10
902,12464,1977-01-14
903,15278,1977-01-20
904,12166,1977-01-26
905,15165,1977-02-22
906,11231,1977-03-03
907,10729,1977-03-03
908,19780,1977-03-06
909,11339,1977-03-19
910,11669,1977-03-23
911,14367,1977-03-24
912,19351,1977-03-25
913,20206,1977-03-30
914,11065,1977-04-04
915,14203,1977-04-05
916,17338,1977-04-11
917,15227,1977-04-13
918,14704,1977-04-16
919,12949,1977-04-27
920,11176,1977-05-16
921,16144,1977-06-09
922,14605,1977-07-04
923,14645,1977-07-16
924,15166,1977-07-17
925,19460,1977-08-02
926,18601,1977-08-07
927,15279,1977-08-16
928,10730,1977-09-11
929,10114,1977-09-13
930,16860,1977-10-03
931,10883,1977-10-16
932,14705,1977-10-17
933,14368,1977-10-24
934,12465,1977-11-11
935,16470,1977-11-16
936,17937,1977-12-07
937,10315,1977-12-10
938,10460,1977-12-16
939,11177,1977-12-18
940,16878,1978-01-06
941,16145,1978-01-16
942,20044,1978-02-04
943,20087,1978-02-08
944,14706,1978-02-16
945,16529,1978-02-22
946,14525,1978-02-23
947,16805,1978-03-07
948,11066,1978-03-30
949,13804,1978-04-29
950,15053,1978-05-07
951,18631,1978-05-14
952,12321,1978-06-16
953,15167,1978-06-21
954,16734,1978-06-27
955,15612,1978-07-10
956,18742,1978-07-20
957,16764,1978-07-29
958,11670,1978-08-08
959,19352,1978-09-08
960,11178,1978-09-22
961,20027,1978-09-25
962,13946,1978-11-07
963,15312,1978-11-22
964,18414,1978-12-11
965,18632,1978-12-12
966,14948,1979-01-12
967,15280,1979-01-26
968,11728,1979-01-29
969,19353,1979-02-11
970,20088,1979-02-16
971,14707,1979-02-16
972,17161,1979-02-16
973,15786,1979-02-20
974,12322,1979-03-08
975,12300,1979-03-08
976,12455,1979-04-13
977,12189,1979-04-14
978,18828,1979-04-16
979,14765,1979-05-10
980,14776,1979-05-14
981,14369,1979-05-28
982,16530,1979-05-31
983,17339,1979-06-05
984,15281,1979-06-06
985,14646,1979-06-30
986,15392,1979-07-02
987,15313,1979-07-02
988,15095,1979-07-02
989,13805,1979-07-03
990,15613,1979-07-15
991,13806,1979-07-16
992,11179,1979-09-08
993,19354,1979-09-18
994,10316,1979-09-30
995,12065,1979-10-15
996,17457,1979-10-28
997,11712,1979-11-13
998,10115,1979-11-16
999,16765,1979-12-27
1000,20561,1980-01-10
1001,14647,1980-01-15
1002,14708,1980-01-16
1003,14069,1980-01-30
1004,10317,1980-02-12
1005,10116,1980-03-11
1006,18415,1980-03-13
1007,15614,1980-03-15
1008,12950,1980-03-16
1009,16531,1980-03-24
1010,20557,1980-03-27
1011,15469,1980-03-29
1012,15314,1980-04-15
1013,19355,1980-04-18
1014,19988,1980-05-01
1015,15282,1980-05-16
1016,18832,1980-05-24
1017,16056,1980-06-05
1018,19024,1980-06-15
1019,12167,1980-06-20
1020,15228,1980-07-02
1021,20028,1980-07-03
1022,20142,1980-07-06
1023,13807,1980-07-08
1024,19685,1980-08-07
1025,16735,1980-08-08
1026,12751,1980-08-17
1027,19356,1980-08-21
1028,19580,1980-08-23
1029,16667,1980-09-04
1030,11180,1980-09-12
1031,14413,1980-09-16
1032,17340,1980-09-24
1033,16979,1980-09-28
1034,15054,1980-10-06
1035,15168,1980-10-07
1036,11997,1980-10-16
1037,14648,1980-10-18
1038,16270,1980-11-05
1039,20143,1980-11-08
1040,10318,1980-11-10
1041,11181,1980-12-26
1042,19461,1981-01-25
1043,13808,1981-01-26
1044,12951,1981-01-30
1045,14370,1981-02-03
1046,10930,1981-02-16
1047,15283,1981-02-20
1048,18633,1981-02-27
1049,16593,1981-03-04
1050,11182,1981-03-16
1051,13809,1981-03-17
1052,19848,1981-03-24
1053,20144,1981-03-30
1054,12752,1981-04-09
1055,16766,1981-04-09
1056,15615,1981-04-24
1057,18887,1981-04-27
1058,18515,1981-05-15
1059,14526,1981-05-16
1060,18743,1981-06-10
1061,19360,1981-06-12
1062,17341,1981-06-15
1063,15787,1981-07-02
1064,15229,1981-07-09
1065,11671,1981-08-01
1066,11491,1981-08-31
1067,20145,1981-09-25
1068,14649,1981-10-25
1069,12952,1981-11-18
1070,10931,1981-11-25
1071,18888,1981-11-25
1072,13810,1981-11-26
1073,14070,1981-12-25
1074,11067,1982-01-15
1075,19686,1982-01-15
1076,10319,1982-03-01
1077,18416,1982-03-09
1078,15470,1982-03-10
1079,10299,1982-03-16
1080,19463,1982-03-24
1081,10610,1982-03-28
1082,18889,1982-03-29
1083,15721,1982-04-05
1084,15170,1982-04-07
1085,15230,1982-04-18
1086,17805,1982-04-26
1087,10117,1982-04-30
1088,14709,1982-05-16
1089,14104,1982-06-21
1090,20718,1982-07-02
1091,16532,1982-07-02
1092,16146,1982-07-18
1093,16428,1982-08-26
1094,11690,1982-08-28
1095,10118,1982-09-25
1096,17806,1982-10-02
1097,20029,1982-10-05
1098,19464,1982-10-07
1099,14132,1982-10-16
1100,15315,1982-10-24
1101,17843,1982-10-26
1102,16322,1982-11-17
1103,18785,1982-11-22
1104,18417,1982-11-28
1105,15471,1982-12-16
1106,14023,1983-01-01
1107,10119,1983-01-03
1108,11099,1983-02-06
1109,10320,1983-03-14
1110,11068,1983-03-16
1111,13811,1983-03-28
1112,17807,1983-04-08
1113,17547,1983-04-14
1114,16323,1983-05-11
1115,16533,1983-05-16
1116,12838,1983-05-28
1117,20167,1983-06-02
1118,16767,1983-06-25
1119,15284,1983-07-02
1120,15472,1983-07-02
1121,19849,1983-07-08
1122,20147,1983-07-11
1123,10300,1983-07-12
1124,17342,1983-07-16
1125,16423,1983-07-18
1126,17844,1983-07-26
1127,16668,1983-08-09
1128,16348,1983-08-17
1129,15683,1983-09-14
1130,18272,1983-10-03
1131,12168,1983-10-14
1132,10321,1983-10-27
1133,15055,1983-11-06
1134,20148,1983-11-11
1135,14371,1983-12-04
1136,10301,1983-12-18
1137,16058,1983-12-21
1138,14489,1983-12-26
1139,15722,1984-01-09
1140,19361,1984-02-05
1141,14071,1984-02-23
1142,14770,1984-03-01
1143,18374,1984-03-08
1144,19465,1984-03-10
1145,19581,1984-03-17
1146,10226,1984-03-25
1147,11672,1984-03-30
1148,11100,1984-03-31
1149,14650,1984-04-02
1150,17343,1984-04-13
1151,12066,1984-04-20
1152,13812,1984-04-28
1153,18700,1984-05-01
1154,16271,1984-05-09
1155,16059,1984-05-12
1156,16429,1984-05-24
1157,15202,1984-06-03
1158,15285,1984-07-02
1159,19808,1984-07-12
1160,13813,1984-07-20
1161,19025,1984-08-04
1162,12169,1984-08-11
1163,15056,1984-08-23
1164,12953,1984-09-04
1165,16806,1984-09-09
1166,16938,1984-10-16
1167,14651,1984-10-25
1168,15474,1984-11-15
1169,20168,1984-11-29
1170,11863,1984-12-16
1171,11069,1984-12-16
1172,11289,1984-12-22
1173,15057,1984-12-30
1174,12972,1985-01-06
1175,10302,1985-01-10
1176,14405,1985-01-14
1177,16272,1985-02-03
1178,13814,1985-03-08
1179,16736,1985-03-13
1180,14798,1985-03-21
1181,11492,1985-05-16
1182,16430,1985-05-19
1183,14652,1985-05-21
1184,19582,1985-05-26
1185,19362,1985-06-12
1186,14372,1985-06-14
1187,18659,1985-06-19
1188,11774,1985-07-02
1189,10470,1985-07-02
1190,16251,1985-07-30
1191,19466,1985-08-16
1192,16147,1985-08-23
1193,11290,1985-09-11
1194,11101,1985-09-16
1195,16939,1985-09-16
1196,16737,1985-10-05
1197,14653,1985-11-15
1198,10863,1985-11-16
1199,15058,1985-11-17
1200,11070,1985-12-02
1201,15171,1985-12-09
1202,13815,1985-12-19
1203,17600,1986-01-18
1204,11898,1986-01-20
1205,14490,1986-02-01
1206,14654,1986-02-08
1207,10621,1986-02-16
1208,13816,1986-03-16
1209,20030,1986-03-18
1210,20090,1986-03-19
1211,16457,1986-03-22
1212,19363,1986-03-26
1213,20262,1986-03-27
1214,19583,1986-03-28
1215,20149,1986-04-16
1216,19810,1986-04-28
1217,10322,1986-05-16
1218,18890,1986-05-25
1219,16324,1986-05-28
1220,16738,1986-06-03
1221,19467,1986-06-08
1222,14675,1986-06-15
1223,14710,1986-06-16
1224,15375,1986-07-02
1225,20711,1986-07-02
1226,15414,1986-07-05
1227,15172,1986-07-05
1228,14073,1986-07-16
1229,15788,1986-08-06
1230,20719,1986-08-16
1231,18817,1986-09-01
1232,11864,1986-09-14
1233,15917,1986-10-10
1234,18829,1986-10-11
1235,13817,1986-10-30
1236,15286,1986-11-13
1237,18242,1986-11-15
1238,18854,1986-11-18
1239,19850,1986-11-18
1240,19468,1986-11-27
1241,19364,1986-12-05
1242,11747,1986-12-16
1243,11102,1986-12-31
1244,10731,1987-01-05
1245,15475,1987-01-15
1246,20031,1987-01-31
1247,11030,1987-02-15
1248,19990,1987-03-02
1249,19762,1987-03-04
1250,13818,1987-03-08
1251,20155,1987-03-10
1252,20169,1987-03-19
1253,16739,1987-03-30
1254,11103,1987-04-01
1255,16594,1987-04-13
1256,19673,1987-04-13
1257,17548,1987-04-25
1258,16148,1987-05-16
1259,10323,1987-06-04
1260,11183,1987-06-16
1261,19811,1987-06-19
1262,10471,1987-07-02
1263,17602,1987-07-14
1264,14655,1987-08-24
1265,19687,1987-09-04
1266,19788,1987-09-04
1267,18516,1987-09-04
1268,16325,1987-10-02
1269,18874,1987-10-14
1270,18243,1987-11-16
1271,10932,1987-11-16
1272,11865,1987-11-16
1273,11899,1987-11-28
1274,16254,1987-12-28
1275,14074,1987-12-30
1276,18701,1988-01-05
1277,16940,1988-01-16
1278,16996,1988-01-18
1279,16669,1988-02-12
1280,15287,1988-02-12
1281,15616,1988-02-14
1282,16768,1988-02-20
1283,14656,1988-03-20
1284,20032,1988-03-26
1285,16458,1988-04-21
1286,16420,1988-05-09
1287,17344,1988-05-26
1288,14732,1988-06-01
1289,11071,1988-06-16
1290,16740,1988-06-21
1291,11749,1988-06-22
1292,10340,1988-07-02
1293,15762,1988-07-12
1294,16689,1988-07-29
1295,18518,1988-08-24
1296,14711,1988-09-08
1297,11673,1988-09-14
1298,13819,1988-10-02
1299,19584,1988-12-07
1300,14657,1988-12-08
1301,18660,1988-12-10
1302,12016,1988-12-25
1303,12466,1988-12-29
1304,15059,1989-01-01
1305,18818,1989-01-13
1306,22332,1989-01-30
1307,18875,1989-02-02
1308,11372,1989-02-19
1309,11031,1989-02-20
1310,20033,1989-02-27
1311,17345,1989-04-05
1312,19567,1989-04-07
1313,17549,1989-04-19
1314,16431,1989-04-22
1315,14075,1989-04-24
1316,15288,1989-04-24
1317,18754,1989-05-03
1318,14133,1989-05-29
1319,14658,1989-07-01
1320,17379,1989-07-13
1321,16534,1989-07-16
1322,19365,1989-08-01
1323,15203,1989-08-16
1324,19688,1989-08-17
1325,13820,1989-09-11
1326,18477,1989-09-21
1327,16741,1989-10-25
1328,20558,1989-12-07
1329,20390,1989-12-14
1330,13821,1989-12-16
1331,10762,1990-01-04
1332,11373,1990-01-07
1333,14659,1990-01-07
1334,19585,1990-01-10
1335,16149,1990-01-16
1336,14373,1990-01-18
1337,20034,1990-01-26
1338,16297,1990-01-28
1339,19366,1990-01-29
1340,15957,1990-02-10
1341,12067,1990-02-25
1342,20150,1990-03-05
1343,12467,1990-03-26
1344,16941,1990-04-16
1345,11493,1990-04-16
1346,16670,1990-04-25
1347,11750,1990-05-28
1348,14712,1990-05-30
1349,19667,1990-06-01
1350,14660,1990-06-17
1351,10357,1990-07-02
1352,12216,1990-07-02
1353,17808,1990-07-20
1354,20035,1990-09-06
1355,15289,1990-09-16
1356,18244,1990-10-04
1357,20559,1990-11-05
1358,17181,1990-11-17
1359,11866,1990-11-24
1360,15521,1990-12-31
1361,19103,1991-01-13
1362,18876,1991-01-16
1363,12753,1991-01-17
1364,11945,1991-02-09
1365,16742,1991-02-14
1366,10473,1991-03-01
1367,11184,1991-03-06
1368,10344,1991-03-16
1369,16255,1991-03-16
1370,15383,1991-04-01
1371,16867,1991-04-02
1372,19469,1991-04-08
1373,11674,1991-04-19
1374,15173,1991-05-04
1375,11104,1991-05-07
1376,16326,1991-05-08
1377,16298,1991-05-11
1378,20963,1991-05-13
1379,16459,1991-05-17
1380,16432,1991-05-22
1381,14766,1991-06-24
1382,16535,1991-07-02
1383,15376,1991-07-02
1384,14661,1991-07-05
1385,14204,1991-07-11
1386,14374,1991-07-19
1387,12299,1991-08-08
1388,12170,1991-08-30
1389,16150,1991-09-10
1390,20036,1991-09-15
1391,14076,1991-09-20
1392,11730,1991-09-25
1393,11867,1991-10-21
1394,16327,1991-11-03
1395,20046,1991-11-29
1396,10345,1991-12-01
1397,17162,1991-12-01
1398,13825,1991-12-14
1399,16743,1992-01-08
1400,15922,1992-01-20
1401,19470,1992-01-25
1402,14662,1992-02-08
1403,11185,1992-02-16
1404,20037,1992-03-08
1405,19367,1992-03-12
1406,16569,1992-04-07
1407,10965,1992-04-09
1408,18519,1992-04-13
1409,17346,1992-04-23
1410,14407,1992-05-29
1411,16744,1992-06-10
1412,20399,1992-06-27
1413,19863,1992-07-06
1414,16868,1992-07-09
1415,12008,1992-07-22
1416,12068,1992-08-23
1417,14375,1992-08-27
1418,12171,1992-09-11
1419,19471,1992-09-12
1420,11186,1992-10-16
1421,15617,1992-11-07
1422,18458,1992-11-10
1423,14395,1992-12-16
1424,20038,1992-12-18
1425,19781,1992-12-27
1426,14408,1993-01-02
1427,15060,1993-01-12
1428,11374,1993-01-14
1429,18520,1993-01-15
1430,15789,1993-01-23
1431,10377,1993-01-29
1432,11868,1993-01-30
1433,16807,1993-02-02
1434,13826,1993-02-03
1435,16869,1993-02-16
1436,11494,1993-03-09
1437,16151,1993-04-01
1438,16672,1993-05-06
1439,19782,1993-05-28
1440,11032,1993-06-16
1441,16328,1993-06-16
1442,20712,1993-06-26
1443,16173,1993-07-03
1444,20170,1993-07-30
1445,13827,1993-08-03
1446,19991,1993-08-16
1447,16745,1993-08-25
1448,20091,1993-09-04
1449,16349,1993-09-15
1450,19368,1993-10-21
1451,14965,1993-11-03
1452,11696,1993-12-05
1453,11869,1993-12-17
1454,19721,1994-01-05
1455,16673,1994-01-16
1456,16174,1994-02-03
1457,11187,1994-03-16
1458,15618,1994-03-19
1459,15061,1994-04-19
1460,17347,1994-05-02
1461,12069,1994-05-17
1462,19813,1994-05-25
1463,16224,1994-06-03
1464,13831,1994-06-17
1465,14105,1994-06-23
1466,14077,1994-07-04
1467,19369,1994-07-07
1468,16152,1994-07-14
1469,11870,1994-07-20
1470,10474,1994-07-21
1471,10933,1994-07-31
1472,16204,1994-08-07
1473,18419,1994-08-22
1474,19472,1994-09-08
1475,14024,1994-09-18
1476,15096,1994-09-19
1477,12172,1994-09-26
1478,15573,1994-10-16
1479,19814,1994-10-20
1480,11871,1994-11-13
1481,16769,1994-11-27
1482,11232,1994-12-08
1483,15290,1994-12-16
1484,12009,1994-12-16
1485,15384,1994-12-20
1486,10550,1994-12-21
1487,14802,1995-01-09
1488,14664,1995-01-11
1489,10864,1995-01-12
1490,11675,1995-01-25
1491,19992,1995-01-30
1492,17524,1995-02-11
1493,15236,1995-03-02
1494,16060,1995-03-03
1495,16153,1995-03-16
1496,13137,1995-04-02
1497,12173,1995-04-15
1498,13214,1995-04-16
1499,20171,1995-04-17
1500,10966,1995-05-29
1501,14767,1995-06-06
1502,19722,1995-06-19
1503,14491,1995-06-28
1504,15204,1995-07-02
1505,12346,1995-07-18
1506,11828,1995-09-01
1507,16061,1995-09-09
1508,12010,1995-09-16
1509,19370,1995-09-16
1510,17365,1995-10-11
1511,18534,1995-10-11
1512,12070,1995-10-13
1513,11105,1995-11-06
1514,16536,1995-11-09
1515,20172,1995-11-15
1516,14713,1995-11-27
1517,15097,1995-11-28
1518,14393,1995-12-01
1519,20094,1995-12-23
1520,19186,1996-01-02
1521,19125,1996-01-02
1522,12174,1996-01-16
1523,17182,1996-02-10
1524,15356,1996-02-18
1525,20732,1996-02-25
1526,20722,1996-02-28
1527,18580,1996-03-05
1528,10551,1996-03-05
1529,11188,1996-04-08
1530,15295,1996-06-16
1531,14666,1996-06-16
1532,18521,1996-07-02
1533,10348,1996-07-02
1534,16674,1996-07-02
1535,15619,1996-07-16
1536,19371,1996-07-23
1537,16746,1996-08-10
1538,15522,1996-08-16
1539,17913,1996-09-01
1540,20151,1996-09-11
1541,12178,1996-09-14
1542,19789,1996-09-17
1543,14714,1996-09-20
1544,12840,1996-09-30
1545,16537,1996-10-01
1546,11872,1996-10-18
1547,19473,1996-11-14
1548,18702,1996-11-21
1549,14078,1996-12-01
1550,18891,1996-12-03
1551,11033,1996-12-05
1552,14396,1996-12-16
1553,16942,1996-12-26
1554,15790,1996-12-31
1555,15174,1997-01-16
1556,19851,1997-02-11
1557,19790,1997-03-03
1558,19586,1997-03-08
1559,15622,1997-03-16
1560,12071,1997-03-16
1561,11495,1997-03-16
1562,16155,1997-04-16
1563,14715,1997-04-18
1564,19815,1997-05-05
1565,19372,1997-05-08
1566,18089,1997-05-11
1567,10886,1997-05-19
1568,20095,1997-06-02
1569,11034,1997-06-03
1570,16252,1997-07-02
1571,16997,1997-07-02
1572,12374,1997-07-15
1573,18090,1997-08-16
1574,19474,1997-09-07
1575,14667,1997-10-09
1576,17550,1997-10-29
1577,10475,1997-11-22
1578,19373,1997-12-05
1579,14716,1997-12-15
1580,10865,1997-12-31
1581,20713,1998-01-25
1582,11106,1998-02-15
1583,12179,1998-02-24
1584,14376,1998-03-09
1585,14492,1998-03-28
1586,17551,1998-03-30
1587,12072,1998-04-03
1588,15393,1998-04-19
1589,16998,1998-04-25
1590,19764,1998-05-08
1591,19587,1998-05-30
1592,19374,1998-06-20
1593,16205,1998-07-04
1594,15525,1998-07-04
1595,16538,1998-07-05
1596,15316,1998-07-16
1597,19475,1998-07-23
1598,11496,1998-08-07
1599,20199,1998-08-13
1600,14493,1998-08-22
1601,11035,1998-09-14
1602,11729,1998-09-15
1603,14079,1998-10-17
1604,18581,1998-10-25
1605,15526,1998-11-03
1606,20096,1998-11-04
1607,18703,1998-11-09
1608,12073,1998-11-10
1609,11946,1998-11-18
1610,19963,1998-11-25
1611,12841,1998-12-18
1612,16579,1998-12-18
1613,16943,1999-01-05
1614,14729,1999-01-08
1615,22333,1999-01-19
1616,15330,1999-02-01
1617,19476,1999-02-05
1618,15623,1999-02-05
1619,15176,1999-02-16
1620,19375,1999-02-25
1621,15394,1999-03-09
1622,20097,1999-03-13
1623,16206,1999-03-15
1624,16539,1999-03-16
1625,15527,1999-03-16
1626,14134,1999-03-28
1627,16299,1999-03-31
1628,19588,1999-04-03
1629,12976,1999-04-05
1630,15476,1999-04-16
1631,10887,1999-05-01
1632,15763,1999-05-01
1633,15205,1999-05-16
1634,10732,1999-05-21
1635,10934,1999-05-21
1636,16350,1999-05-22
1637,14717,1999-06-06
1638,16944,1999-06-15
1639,16808,1999-06-22
1640,16175,1999-06-28
1641,14377,1999-07-19
1642,16156,1999-07-30
1643,10970,1999-08-05
1644,19594,1999-08-15
1645,18420,1999-09-10
1646,11643,1999-10-05
1647,18765,1999-10-07
1648,15062,1999-10-20
1649,15178,1999-11-16
1650,11036,1999-11-22
1651,11072,1999-12-27
1652,16999,2000-01-16
1653,14080,2000-01-27
1654,19477,2000-02-03
1655,14378,2000-02-14
1656,16945,2000-02-24
1657,12754,2000-02-26
1658,15139,2000-02-28
1659,15206,2000-02-29
1660,14494,2000-03-07
1661,14409,2000-03-07
1662,15477,2000-03-11
1663,19376,2000-03-14
1664,18972,2000-03-17
1665,11375,2000-03-21
1666,18602,2000-03-31
1667,11751,2000-04-16
1668,16460,2000-05-10
1669,13204,2000-05-13
1670,16435,2000-05-13
1671,14135,2000-05-28
1672,15624,2000-05-29
1673,14928,2000-06-03
1674,14379,2000-06-23
1675,18273,2000-06-27
1676,18973,2000-06-30
1677,12011,2000-07-01
1678,16161,2000-07-09
1679,16809,2000-07-16
1680,19377,2000-07-18
1681,11873,2000-07-20
1682,19478,2000-07-28
1683,10763,2000-08-16
1684,15548,2000-08-22
1685,18582,2000-09-04
1686,15063,2000-09-28
1687,17000,2000-10-16
1688,16062,2000-11-29
1689,16946,2000-12-19
1690,15395,2000-12-25
1691,16810,2001-01-08
1692,18274,2001-01-11
1693,16258,2001-01-11
1694,15064,2001-01-16
1695,10935,2001-01-17
1696,19816,2001-02-02
1697,14081,2001-02-06
1698,14495,2001-02-19
1699,14380,2001-03-27
1700,15478,2001-04-13
1701,11037,2001-04-23
1702,18474,2001-04-24
1703,14397,2001-05-03
1704,10888,2001-05-11
1705,15528,2001-05-12
1706,16580,2001-05-28
1707,15317,2001-06-08
1708,14381,2001-06-11
1709,14929,2001-06-14
1710,13832,2001-07-17
1711,15625,2001-07-21
1712,19378,2001-07-23
1713,15065,2001-08-28
1714,18421,2001-09-21
1715,15494,2001-09-25
1716,14772,2001-09-27
1717,13205,2001-10-01
1718,19104,2001-10-05
1719,19880,2001-10-31
1720,19187,2001-11-15
1721,13144,2001-11-24
1722,11497,2001-11-26
1723,12468,2001-12-04
1724,19379,2001-12-10
1725,13835,2001-12-16
1726,10733,2002-01-04
1727,14382,2002-01-05
1728,14930,2002-01-13
1729,10866,2002-01-16
1730,14106,2002-01-17
1731,18855,2002-01-25
1732,16461,2002-02-09
1733,15331,2002-03-16
1734,19479,2002-04-09
1735,11498,2002-04-16
1736,17001,2002-05-11
1737,14107,2002-05-17
1738,14718,2002-05-24
1739,14998,2002-05-25
1740,10889,2002-05-29
1741,19886,2002-05-30
1742,11376,2002-06-07
1743,16162,2002-06-16
1744,19765,2002-07-16
1745,14082,2002-07-25
1746,15027,2002-08-03
1747,18372,2002-08-12
1748,15066,2002-08-22
1749,20173,2002-09-24
1750,16493,2002-09-25
1751,15098,2002-10-06
1752,11499,2002-10-11
1753,16811,2002-10-11
1754,16300,2002-10-12
1755,12074,2002-10-13
1756,10936,2002-10-17
1757,11875,2002-10-26
1758,13836,2002-10-26
1759,14931,2002-10-31
1760,14719,2002-11-01
1761,11446,2002-11-03
1762,15688,2002-11-11
1763,14383,2002-11-16
1764,19480,2002-11-24
1765,16747,2002-11-28
1766,16462,2002-12-23
1767,19380,2002-12-25
1768,17809,2003-02-06
1769,17002,2003-02-16
1770,16748,2003-03-07
1771,13837,2003-03-08
1772,16812,2003-03-17
1773,12075,2003-04-09
1774,14720,2003-04-10
1775,15071,2003-04-14
1776,14803,2003-04-16
1777,18856,2003-04-17
1778,18535,2003-05-10
1779,14932,2003-05-17
1780,12180,2003-05-23
1781,16304,2003-05-30
1782,14384,2003-05-30
1783,10326,2003-05-31
1784,15318,2003-06-08
1785,14410,2003-06-09
1786,10890,2003-06-17
1787,16308,2003-06-26
1788,18539,2003-07-02
1789,17348,2003-07-10
1790,15791,2003-07-16
1791,19381,2003-07-26
1792,11752,2003-07-30
1793,16675,2003-07-31
1794,11992,2003-08-29
1795,16463,2003-09-12
1796,11038,2003-09-22
1797,14933,2003-10-26
1798,17349,2004-01-14
1799,19382,2004-01-14
1800,14999,2004-01-20
1801,16275,2004-01-29
1802,13838,2004-02-12
1803,20174,2004-02-16
1804,15332,2004-02-16
1805,20100,2004-02-17
1806,18661,2004-02-25
1807,12347,2004-03-03
1808,17003,2004-03-05
1809,15179,2004-03-15
1810,14752,2004-03-19
1811,10937,2004-03-31
1812,16540,2004-04-02
1813,18536,2004-04-12
1814,15072,2004-04-12
1815,14385,2004-05-02
1816,14083,2004-05-08
1817,16581,2004-05-16
1818,10552,2004-05-26
1819,16570,2004-06-02
1820,16814,2004-06-03
1821,16063,2004-06-08
1822,15529,2004-06-22
1823,14414,2004-06-24
1824,16276,2004-07-03
1825,19766,2004-07-04
1826,11377,2004-07-16
1827,19887,2004-07-19
1828,18830,2004-07-20
1829,13145,2004-07-29
1830,12181,2004-08-05
1831,15479,2004-08-05
1832,17810,2004-09-01
1833,13846,2004-09-07
1834,19481,2004-09-15
1835,15319,2004-09-16
1836,20560,2004-10-01
1837,16226,2004-10-01
1838,16436,2004-10-18
1839,16947,2004-10-23
1840,14934,2004-10-24
1841,12842,2004-11-01
1842,10938,2004-11-05
1843,11447,2004-11-07
1844,15000,2004-11-24
1845,18275,2004-11-30
1846,10891,2004-12-03
1847,20175,2005-01-04
1848,10556,2005-01-09
1849,19482,2005-01-20
1850,16749,2005-01-25
1851,15099,2005-01-25
1852,18877,2005-01-29
1853,15320,2005-01-30
1854,16277,2005-02-06
1855,14386,2005-02-17
1856,19767,2005-02-23
1857,14721,2005-03-02
1858,11040,2005-03-04
1859,18857,2005-03-12
1860,19817,2005-03-13
1861,15073,2005-03-27
1862,15496,2005-04-12
1863,18276,2005-04-12
1864,17350,2005-04-14
1865,12348,2005-04-15
1866,14205,2005-04-16
1867,16437,2005-04-19
1868,15001,2005-04-19
1869,11877,2005-05-04
1870,11676,2005-05-13
1871,15386,2005-05-26
1872,10768,2005-06-16
1873,18467,2005-07-02
1874,14399,2005-07-12
1875,11073,2005-07-28
1876,10346,2005-08-16
1877,16815,2005-08-17
1878,20176,2005-09-07
1879,13942,2005-09-26
1880,14388,2005-10-04
1881,15007,2005-10-16
1882,11713,2005-10-22
1883,15321,2005-10-27
1884,10892,2005-11-13
1885,11378,2005-11-24
1886,14206,2005-11-24
1887,15237,2005-11-27
1888,19383,2005-11-29
1889,20273,2005-12-09
1890,13847,2005-12-16
1891,20947,2005-12-22
1892,16433,2005-12-26
1893,19818,2006-02-06
1894,15209,2006-02-11
1895,18277,2006-02-17
1896,16816,2006-02-21
1897,15074,2006-03-01
1898,20177,2006-03-03
1899,22213,2006-03-09
1900,14412,2006-03-11
1901,15923,2006-03-16
1902,14702,2006-03-17
1903,18537,2006-03-20
1904,16770,2006-03-21
1905,18704,2006-03-21
1906,11189,2006-03-24
1907,11791,2006-03-25
1908,19384,2006-04-16
1909,11878,2006-04-18
1910,14207,2006-05-28
1911,16638,2006-06-03
1912,16541,2006-07-03
1913,16817,2006-07-13
1914,13848,2006-07-14
1915,14389,2006-07-20
1916,11041,2006-08-04
1917,10939,2006-08-04
1918,14771,2006-08-07
1919,15002,2006-08-09
1920,15100,2006-08-11
1921,18278,2006-08-23
1922,11074,2006-09-01
1923,15497,2006-09-10
1924,20250,2006-09-17
1925,11190,2006-09-25
1926,15574,2006-09-25
1927,14668,2006-10-04
1928,16771,2006-10-10
1929,14976,2006-10-17
1930,15296,2006-11-08
1931,19768,2006-11-25
1932,14084,2006-11-27
1933,18522,2006-12-04
1934,10940,2006-12-11
1935,14722,2006-12-12
1936,16434,2006-12-14
1937,14208,2007-01-12
1938,16353,2007-01-17
1939,11075,2007-02-09
1940,19483,2007-02-15
1941,11312,2007-02-19
1942,18858,2007-03-04
1943,11448,2007-03-15
1944,15498,2007-03-19
1945,13849,2007-03-19
1946,20962,2007-03-24
1947,15180,2007-04-02
1948,15322,2007-04-21
1949,15075,2007-05-01
1950,19385,2007-05-10
1951,14977,2007-05-19
1952,12076,2007-05-26
1953,13828,2007-06-16
1954,16438,2007-06-16
1955,19825,2007-06-17
1956,16595,2007-07-08
1957,16165,2007-07-26
1958,13943,2007-08-12
1959,20153,2007-08-15
1960,18859,2007-08-19
1961,15029,2007-08-28
1962,15531,2007-09-09
1963,14669,2007-09-25
1964,13923,2007-09-30
1965,11379,2007-10-04
1966,15958,2007-10-16
1967,15626,2007-10-23
1968,10942,2007-10-28
1969,10893,2007-11-08
1970,11076,2007-11-24
1971,18538,2007-11-27
1972,15499,2007-11-27
1973,12077,2008-01-01
1974,11313,2008-01-02
1975,18279,2008-01-07
1976,11191,2008-01-13
1977,14723,2008-02-08
1978,17351,2008-02-17
1979,20178,2008-02-22
1980,15008,2008-03-11
1981,15532,2008-03-24
1982,16582,2008-04-05
1983,16278,2008-04-15
1984,11042,2008-04-29
1985,12271,2008-05-02
1986,18280,2008-05-08
1987,13852,2008-05-13
1988,15387,2008-05-13
1989,15297,2008-05-23
1990,11720,2008-05-29
1991,16439,2008-06-06
1992,16166,2008-06-12
1993,10894,2008-06-22
1994,14676,2008-07-02
1995,10943,2008-07-05
1996,19386,2008-07-11
1997,19852,2008-07-12
1998,15009,2008-07-13
1999,11449,2008-07-27
2000,18860,2008-07-29
2001,11077,2008-07-30
2002,19745,2008-08-07
2003,17811,2008-08-10
2004,16818,2008-08-10
2005,17163,2008-08-22
2006,15210,2008-09-19
2007,14390,2008-09-21
2008,19484,2008-10-08
2009,11380,2008-10-21
2010,11314,2008-10-26
2011,12182,2008-10-26
2012,13927,2008-11-03
2013,14800,2008-11-16
2014,14799,2008-11-16
2015,18707,2008-11-18
2016,10895,2008-11-21
2017,16543,2008-11-29
2018,19045,2008-12-23
2019,15575,2009-01-01
2020,19826,2009-01-02
2021,11192,2009-01-12
2022,15792,2009-01-15
2023,17812,2009-01-21
2024,12183,2009-01-29
2025,18878,2009-02-11
2026,20391,2009-03-15
2027,14733,2009-03-17
2028,15633,2009-03-25
2029,18281,2009-04-01
2030,15533,2009-04-01
2031,11677,2009-04-10
2032,15765,2009-04-21
2033,16227,2009-05-02
2034,22197,2009-05-04
2035,18819,2009-06-11
2036,19827,2009-06-25
2037,13944,2009-06-28
2038,19485,2009-08-01
2039,10896,2009-09-06
2040,16819,2009-09-15
2041,15003,2009-09-16
2042,15793,2009-09-27
2043,15231,2009-09-27
2044,19828,2009-10-02
2045,14391,2009-11-05
2046,11193,2009-11-16
2047,12184,2009-11-22
2048,11080,2009-12-11
2049,19387,2009-12-17
2050,11644,2010-01-01
2051,14085,2010-01-02
2052,11247,2010-01-05
2053,22218,2010-01-05
2054,18469,2010-02-03
2055,12563,2010-03-20
2056,17165,2010-03-30
2057,13853,2010-04-08
2058,18282,2010-04-11
2059,18524,2010-05-03
2060,19388,2010-05-21
2061,15077,2010-05-26
2062,18529,2010-05-27
2063,19819,2010-05-30
2064,19026,2010-06-06
2065,10897,2010-06-09
2066,18833,2010-06-30
2067,18879,2010-07-02
2068,15101,2010-07-23
2069,16544,2010-08-06
2070,14935,2010-08-10
2071,11381,2010-08-25
2072,13854,2010-08-25
2073,15404,2010-08-27
2074,11947,2010-09-06
2075,15388,2010-09-17
2076,14392,2010-10-14
2077,15634,2010-10-25
2078,15925,2010-10-26
2079,16772,2010-11-06
2080,19264,2010-11-11
2081,11645,2010-11-22
2082,16064,2010-11-26
2083,20939,2011-01-04
2084,20829,2011-01-14
2085,20782,2011-01-19
2086,20808,2011-02-17
2087,20792,2011-02-22
2088,20823,2011-03-07
2089,20775,2011-03-11
2090,20810,2011-03-29
2091,20783,2011-03-30
2092,20921,2011-04-06
2093,22214,2011-04-20
2094,20803,2011-04-23
2095,22219,2011-05-13
2096,20753,2011-05-15
2097,20767,2011-05-21
2098,20752,2011-06-04
2099,20809,2011-06-04
2100,22234,2011-06-06
2101,20800,2011-06-13
2102,20790,2011-06-22
2103,20793,2011-06-26
2104,20820,2011-07-03
2105,20758,2011-07-19
2106,20787,2011-07-31
2107,20795,2011-08-03
2108,10898,2011-08-21
2109,20812,2011-08-22
2110,20938,2011-09-17
2111,20769,2011-10-10
2112,20770,2011-10-26
2113,20801,2011-11-06
2114,22215,2011-11-27
2115,20765,2011-12-05
2116,22217,2011-12-15
2117,20840,2011-12-18
2118,20791,2012-01-02
2119,20830,2012-01-12
2120,20778,2012-02-01
2121,20772,2012-02-10
2122,20774,2012-02-18
2123,20813,2012-02-19
2124,20814,2012-02-22
2125,20796,2012-03-01
2126,22143,2012-04-30
2127,20805,2012-05-03
2128,20833,2012-05-07
2129,20819,2012-05-08
2130,20764,2012-05-13
2131,20776,2012-05-14
2132,20748,2012-07-17
2133,20799,2012-08-03
2134,20826,2012-08-06
2135,20839,2012-08-07
2136,20761,2012-08-16
2137,20821,2012-08-26
2138,20785,2012-09-01
2139,20768,2012-09-05
2140,20815,2012-09-08
2141,20766,2012-09-15
2142,20794,2012-09-15
2143,20797,2012-09-26
2144,20750,2012-10-05
2145,20806,2012-10-08
2146,22161,2012-10-17
2147,20804,2012-10-30
2148,20834,2012-11-06
2149,20756,2012-11-11
2150,20827,2012-11-21
2151,20825,2012-11-27
2152,20788,2012-12-01
2153,20760,2012-12-22
2154,20816,2012-12-26
2155,20759,2013-01-06
2156,20811,2013-01-19
2157,22235,2013-01-25
2158,20779,2013-01-29
2159,21102,2013-02-13
2160,20754,2013-02-16
2161,20762,2013-02-16
2162,20822,2013-02-21
2163,20802,2013-03-05
2164,20789,2013-04-02
2165,20798,2013-05-07
2166,20807,2013-05-13
2167,20831,2013-05-21
2168,22216,2013-06-02
2169,22220,2013-06-04
2170,20781,2013-06-04
2171,20817,2013-06-07
2172,20757,2013-06-11
2173,20836,2013-06-13
2174,20835,2013-07-08
2175,20838,2013-07-25
2176,20786,2013-08-15
2177,20912,2013-08-20
2178,20832,2013-09-01
2179,20841,2013-09-03
2180,20818,2013-09-15
2181,22195,2013-09-25
2182,21068,2013-09-28
2183,20987,2013-10-05
2184,20918,2013-10-12
2185,20907,2013-10-23
2186,20842,2013-11-18
2187,20916,2013-11-20
2188,20906,2013-12-29
2189,20935,2014-01-13
2190,20937,2014-01-28
2191,20920,2014-01-29
2192,20931,2014-02-03
2193,20941,2014-02-04
2194,20913,2014-02-09
2195,20934,2014-02-13
2196,20933,2014-03-08
2197,20892,2014-03-09
2198,20910,2014-03-26
2199,20932,2014-03-31
2200,22221,2014-04-01
2201,20936,2014-04-24
2202,20942,2014-05-30
2203,20911,2014-05-30
2204,20909,2014-05-31
2205,20908,2014-06-06
2206,20914,2014-06-08
2207,20919,2014-06-21
2208,20956,2014-06-29
2209,20954,2014-07-04
2210,20957,2014-07-07
2211,22267,2014-07-20
2212,20952,2014-08-03
2213,20959,2014-08-12
2214,22222,2014-08-25
2215,20955,2014-08-29
2216,20960,2014-08-30
2217,20961,2014-09-17
2218,20964,2014-09-27
2219,20974,2014-10-29
2220,20975,2014-11-12
2221,22271,2014-11-12
2222,20995,2014-11-18
2223,22223,2014-11-21
2224,20977,2014-11-23
2225,20996,2014-12-02
2226,20989,2014-12-18
2227,20983,2014-12-19
2228,20992,2015-01-01
2229,20988,2015-01-06
2230,22236,2015-01-19
2231,20994,2015-01-26
2232,21070,2015-02-01
2233,20982,2015-02-04
2234,20990,2015-02-16
2235,22268,2015-03-05
2236,20998,2015-03-08
2237,21076,2015-04-22
2238,21092,2015-04-23
2239,21072,2015-05-01
2240,21074,2015-05-07
2241,21071,2015-05-20
2242,21075,2015-05-25
2243,21073,2015-05-29
2244,22157,2015-06-07
2245,22132,2015-06-16
2246,21081,2015-06-16
2247,22304,2015-06-20
2248,21089,2015-06-28
2249,21080,2015-06-29
2250,21086,2015-07-07
2251,21087,2015-07-16
2252,21090,2015-07-23
2253,22233,2015-08-13
2254,21088,2015-08-14
2255,21095,2015-08-28
2256,21093,2015-08-30
2257,21098,2015-09-18
2258,21097,2015-09-23
2259,21096,2015-09-29
2260,22108,2015-10-03
2261,22104,2015-10-25
2262,22110,2015-10-30
2263,22103,2015-11-12
2264,22111,2015-11-14
2265,22106,2015-11-24
2266,22107,2015-12-01
2267,22105,2016-01-02
2268,22119,2016-01-08
2269,22117,2016-01-12
2270,22114,2016-02-22
2271,22237,2016-03-25
2272,22129,2016-03-27
2273,22127,2016-03-29
2274,22159,2016-03-30
2275,22125,2016-03-31
2276,22123,2016-04-02
2277,22128,2016-04-16
2278,22130,2016-04-22
2279,22133,2016-04-24
2280,22121,2016-04-27
2281,22144,2016-05-26
2282,22156,2016-06-05
2283,22151,2016-06-10
2284,22154,2016-06-18
2285,22153,2016-07-27
2286,22149,2016-08-01
2287,22150,2016-08-03
2288,22145,2016-09-11
2289,22147,2016-09-13
2290,22181,2016-09-13
2291,22305,2016-09-21
2292,22178,2016-10-05
2293,22174,2016-10-07
2294,22171,2016-10-11
2295,22176,2016-10-20
2296,22158,2016-11-06
2297,22172,2016-11-15
2298,22177,2016-11-20
2299,22202,2016-11-27
2300,22175,2016-11-29
2301,22182,2016-12-20
2302,22192,2017-01-07
2303,22187,2017-01-15
2304,22185,2017-01-23
2305,22184,2017-01-31
2306,22269,2017-02-18
2307,22188,2017-02-19
2308,22198,2017-03-24
2309,22203,2017-03-25
2310,22260,2017-03-29
2311,22284,2017-04-09
2312,22209,2017-04-12
2313,22207,2017-04-18
2314,22227,2017-04-30
2315,22208,2017-05-23
2316,22232,2017-06-04
2317,22226,2017-06-04
2318,22230,2017-06-04
2319,22229,2017-06-05
2320,22225,2017-06-11
2321,22224,2017-07-14
2322,22228,2017-07-15
2323,22231,2017-07-20
2324,22273,2017-08-13
2325,22252,2017-08-18
2326,22245,2017-09-04
2327,22240,2017-09-06
2328,22242,2017-10-11
2329,22308,2017-10-12
2330,22239,2017-10-21
2331,22248,2017-11-09
2332,22241,2017-11-21
2333,22249,2017-12-09
2334,22246,2018-01-05
2335,22250,2018-01-13
2336,22251,2018-01-14
2337,22258,2018-01-23
2338,22256,2018-02-02
2339,22259,2018-02-25
2340,22257,2018-03-01
2341,22263,2018-04-01
2342,22261,2018-04-03
2343,22315,2018-04-18
2344,22274,2018-04-21
2345,22266,2018-04-22
2346,22262,2018-04-27
2347,22265,2018-04-28
2348,22264,2018-05-11
2349,22285,2018-06-08
2350,22276,2018-06-10
2351,22278,2018-06-16
2352,22275,2018-06-18
2353,22277,2018-06-21
2354,22279,2018-06-26
2355,22337,2018-07-03
2356,22280,2018-07-12
2357,22282,2018-07-28
2358,22283,2018-08-08
2359,22281,2018-08-20
2360,22290,2018-09-04
2361,22288,2018-09-08
2362,22289,2018-09-08
2363,22286,2018-09-21
2364,22292,2018-09-25
2365,22293,2018-10-02
2366,22295,2018-10-04
2367,22296,2018-10-21
2368,22297,2018-11-07
2369,22294,2018-11-25
2370,22313,2018-12-08
2371,22316,2019-02-06
2372,22303,2019-02-07
2373,22309,2019-02-16
2374,22306,2019-02-18
2375,22307,2019-02-18
2376,22311,2019-03-04
2377,22312,2019-03-26
2378,22310,2019-04-09
2379,22317,2019-04-16
2380,22323,2019-05-11
2381,22320,2019-05-16
2382,22322,2019-06-01
2383,22318,2019-06-11
2384,22321,2019-06-22
2385,22324,2019-06-24
2386,22319,2019-06-26
2387,22328,2019-07-16
2388,22329,2019-07-23
2389,22330,2019-07-23
2390,22325,2019-07-26
2391,22336,2019-08-02
2392,22326,2019-08-07
2393,22334,2019-10-13
2394,22335,2019-10-24
2395,22339,2019-11-02
2396,22340,2019-12-05
2397,22341,2019-12-07
2398,22338,2019-12-09
